player,team,games_played,per,ts,usg,ws_48,bpm,vorp,season
DeMar DeRozan,CHI,79.0,19.7,0.584,25.8,0.147,1.8,2.8,2023-24
Coby White,CHI,79.0,14.5,0.57,22.7,0.078,-0.7,0.9,2023-24
Paolo Banchero,ORL,80.0,17.3,0.546,29.7,0.09,1.3,2.3,2023-24
Dejounte Murray,ATL,78.0,17.7,0.555,26.6,0.084,1.7,2.6,2023-24
Anthony Edwards,MIN,79.0,19.7,0.575,32.3,0.13,3.3,3.7,2023-24
Nikola Jokic,DEN,79.0,31.0,0.65,29.3,0.299,13.2,10.6,2023-24
Jalen Brunson,NYK,77.0,23.4,0.592,32.5,0.198,5.8,5.4,2023-24
Anthony Davis,LAL,76.0,25.8,0.621,26.7,0.21,5.1,4.9,2023-24
Fred VanVleet,HOU,73.0,16.7,0.568,19.7,0.15,3.4,3.6,2023-24
DeAaron Fox,SAC,74.0,20.1,0.567,31.0,0.117,2.7,3.2,2023-24
Jayson Tatum,BOS,74.0,22.3,0.604,30.2,0.189,5.1,4.7,2023-24
Austin Reaves,LAL,82.0,15.5,0.613,20.3,0.108,0.4,1.6,2023-24
Tyrese Maxey,PHI,70.0,19.8,0.573,28.0,0.147,3.1,3.4,2023-24
Luka Doncic,DAL,70.0,28.1,0.617,36.0,0.22,9.9,8.0,2023-24
Nikola Vucevic,CHI,76.0,17.7,0.54,23.3,0.1,0.1,1.4,2023-24
Jalen Green,HOU,82.0,14.7,0.541,27.4,0.056,-0.5,1.0,2023-24
Rudy Gobert,MIN,76.0,19.3,0.675,15.4,0.216,1.8,2.5,2023-24
Keegan Murray,SAC,77.0,13.3,0.569,18.1,0.096,-0.9,0.8,2023-24
Miles Bridges,CHO,69.0,15.4,0.556,24.7,0.04,-1.1,0.6,2023-24
Damian Lillard,MIL,73.0,19.6,0.59,28.4,0.143,2.1,2.7,2023-24
Giannis Antetokounmpo,MIL,73.0,29.9,0.649,33.0,0.246,9.0,7.2,2023-24
Michael Porter Jr,DEN,81.0,15.5,0.601,20.7,0.115,0.1,1.3,2023-24
Shai GilgeousAlexander,OKC,75.0,29.3,0.636,32.8,0.275,9.0,7.1,2023-24
Grayson Allen,PHO,75.0,13.8,0.679,14.5,0.132,1.3,2.0,2023-24
LeBron James,LAL,71.0,23.7,0.63,29.2,0.164,6.5,5.4,2023-24
Paul George,LAC,74.0,19.3,0.613,26.6,0.14,3.2,3.3,2023-24
Devin Booker,PHO,68.0,21.9,0.611,29.8,0.181,3.0,3.1,2023-24
Jarrett Allen,CLE,77.0,21.8,0.664,19.4,0.21,3.0,3.1,2023-24
Jabari Smith Jr,HOU,76.0,13.8,0.571,17.6,0.111,-0.4,1.0,2023-24
Stephen Curry,GSW,74.0,20.6,0.616,31.3,0.142,5.2,4.4,2023-24
Bam Adebayo,MIA,71.0,19.8,0.576,24.9,0.144,2.4,2.7,2023-24
Chet Holmgren,OKC,82.0,20.4,0.632,21.6,0.178,3.4,3.3,2023-24
Brook Lopez,MIL,79.0,14.8,0.608,16.0,0.117,1.0,1.8,2023-24
Kentavious CaldwellPope,DEN,76.0,10.7,0.602,12.9,0.096,-1.4,0.4,2023-24
Bogdan Bogdanovic,ATL,79.0,14.7,0.569,22.3,0.079,0.2,1.4,2023-24
Brandon Miller,CHO,74.0,13.0,0.552,23.9,0.015,-2.6,-0.3,2023-24
Harrison Barnes,SAC,82.0,11.9,0.611,15.7,0.094,-1.8,0.1,2023-24
Tobias Harris,PHI,70.0,16.5,0.576,20.7,0.121,0.9,1.7,2023-24
Jordan Poole,WAS,78.0,12.1,0.529,26.4,-0.013,-3.9,-1.2,2023-24
Jaylen Brown,BOS,70.0,18.6,0.58,28.9,0.121,0.7,1.6,2023-24
Franz Wagner,ORL,72.0,17.6,0.575,25.7,0.131,1.2,1.9,2023-24
Kawhi Leonard,LAC,68.0,23.2,0.626,26.5,0.184,5.5,4.4,2023-24
Herbert Jones,NOP,76.0,13.2,0.636,14.1,0.131,0.6,1.6,2023-24
Aaron Gordon,DEN,73.0,16.8,0.607,17.8,0.148,1.3,1.9,2023-24
Klay Thompson,GSW,77.0,13.9,0.576,24.2,0.075,-0.4,0.9,2023-24
Kyle Kuzma,WAS,70.0,15.7,0.547,29.7,0.004,-1.1,0.5,2023-24
Jrue Holiday,BOS,69.0,14.4,0.597,16.3,0.133,2.1,2.4,2023-24
Deni Avdija,WAS,75.0,14.9,0.597,20.2,0.068,-0.9,0.6,2023-24
Devin Vassell,SAS,68.0,15.7,0.578,23.5,0.077,0.0,1.1,2023-24
Luguentz Dort,OKC,79.0,11.1,0.593,15.4,0.097,-1.6,0.2,2023-24
Max Strus,CLE,70.0,11.7,0.553,17.4,0.083,-0.6,0.8,2023-24
Dillon Brooks,HOU,72.0,9.4,0.549,17.6,0.058,-3.6,-0.9,2023-24
Jalen Williams,OKC,71.0,19.1,0.621,23.7,0.157,2.3,2.4,2023-24
Jaden Ivey,DET,77.0,12.4,0.536,24.9,0.01,-3.1,-0.6,2023-24
Ayo Dosunmu,CHI,76.0,13.4,0.604,17.2,0.089,-0.8,0.7,2023-24
Zion Williamson,NOP,70.0,22.8,0.61,29.7,0.164,3.8,3.3,2023-24
Jeremy Sochan,SAS,74.0,11.4,0.513,18.8,0.03,-3.4,-0.8,2023-24
Tre Jones,SAS,77.0,14.7,0.591,15.2,0.111,-0.4,0.9,2023-24
Jaren Jackson Jr,MEM,66.0,17.4,0.552,30.4,0.067,0.4,1.3,2023-24
Tim Hardaway Jr,DAL,79.0,12.1,0.542,22.6,0.05,-2.9,-0.5,2023-24
Nic Claxton,BRK,71.0,18.7,0.629,15.6,0.152,1.2,1.7,2023-24
Jaime Jaquez Jr,MIA,75.0,12.9,0.574,18.7,0.092,-1.9,0.1,2023-24
Taurean Prince,LAL,78.0,8.8,0.579,13.8,0.043,-2.8,-0.4,2023-24
Victor Wembanyama,SAS,71.0,23.1,0.565,32.2,0.085,5.2,3.8,2023-24
Jaden McDaniels,MIN,72.0,9.4,0.571,15.7,0.077,-2.6,-0.3,2023-24
Brandon Ingram,NOP,64.0,18.2,0.578,27.2,0.117,1.2,1.7,2023-24
Scottie Barnes,TOR,60.0,19.5,0.566,24.8,0.098,3.7,3.0,2023-24
Jusuf Nurkic,PHO,76.0,17.4,0.559,19.1,0.133,1.1,1.6,2023-24
Myles Turner,IND,77.0,19.3,0.626,23.4,0.134,0.9,1.5,2023-24
Cam Thomas,BRK,66.0,16.1,0.554,30.5,0.058,-1.2,0.4,2023-24
Collin Sexton,UTA,78.0,19.9,0.607,27.5,0.127,1.9,2.0,2023-24
Cade Cunningham,DET,62.0,17.1,0.546,30.8,0.041,0.3,1.2,2023-24
Corey Kispert,WAS,80.0,12.8,0.62,19.6,0.048,-2.1,-0.1,2023-24
Kelly Oubre Jr,PHI,68.0,13.5,0.535,22.4,0.07,-2.3,-0.1,2023-24
Alperen Sengun,HOU,63.0,22.0,0.585,27.0,0.163,4.9,3.5,2023-24
Jimmy Butler,MIA,60.0,22.0,0.626,24.0,0.214,4.6,3.4,2023-24
Alex Caruso,CHI,71.0,14.5,0.613,14.7,0.115,2.5,2.3,2023-24
Keldon Johnson,SAS,69.0,14.2,0.565,21.9,0.071,-1.7,0.2,2023-24
KarlAnthony Towns,MIN,62.0,18.8,0.625,27.4,0.148,2.5,2.3,2023-24
Jalen Suggs,ORL,75.0,14.1,0.602,19.7,0.112,1.0,1.5,2023-24
Keyonte George,UTA,75.0,10.4,0.533,22.8,-0.008,-4.4,-1.2,2023-24
Josh Giddey,OKC,80.0,16.6,0.547,23.1,0.102,1.5,1.8,2023-24
Bobby Portis,MIL,82.0,17.5,0.581,22.9,0.112,-0.8,0.6,2023-24
Aaron Nesmith,IND,72.0,12.8,0.631,16.0,0.098,-0.5,0.8,2023-24
Gary Trent Jr,TOR,71.0,12.0,0.548,20.0,0.04,-2.6,-0.3,2023-24
Brandin Podziemski,GSW,74.0,13.0,0.54,15.4,0.1,-0.1,0.9,2023-24
Naz Reid,MIN,81.0,16.0,0.595,23.1,0.12,1.5,1.7,2023-24
Jonathan Kuminga,GSW,74.0,17.0,0.598,24.1,0.113,-0.4,0.8,2023-24
Donovan Mitchell,CLE,55.0,22.1,0.595,31.4,0.159,5.8,3.9,2023-24
Trae Young,ATL,54.0,20.3,0.585,30.5,0.114,2.6,2.2,2023-24
Tyus Jones,WAS,66.0,16.5,0.578,16.3,0.113,0.7,1.3,2023-24
Jonas Valanciunas,NOP,82.0,19.8,0.619,20.8,0.177,1.2,1.6,2023-24
Andrew Wiggins,GSW,71.0,12.7,0.544,20.9,0.07,-2.5,-0.3,2023-24
Duncan Robinson,MIA,68.0,12.2,0.612,19.0,0.091,-0.9,0.6,2023-24
Darius Garland,CLE,57.0,14.5,0.56,25.3,0.067,-1.0,0.5,2023-24
John Collins,UTA,68.0,17.5,0.621,20.4,0.11,-0.9,0.5,2023-24
Isaiah Hartenstein,NYK,75.0,18.9,0.67,12.0,0.204,3.5,2.6,2023-24
Jalen Johnson,ATL,56.0,16.3,0.584,19.1,0.098,1.2,1.5,2023-24
Isaac Okoro,CLE,69.0,11.4,0.599,13.9,0.106,-1.1,0.4,2023-24
Clint Capela,ATL,73.0,20.7,0.59,17.3,0.161,0.1,1.0,2023-24
Terance Mann,LAC,75.0,12.0,0.615,13.6,0.106,-1.5,0.2,2023-24
Malik Monk,SAC,72.0,16.0,0.564,25.9,0.09,0.6,1.2,2023-24
Jamal Murray,DEN,59.0,20.7,0.586,27.9,0.153,4.1,2.9,2023-24
Georges Niang,CLE,82.0,9.9,0.583,17.6,0.064,-2.9,-0.4,2023-24
Jerami Grant,POR,54.0,15.4,0.573,25.7,0.071,-0.1,0.9,2023-24
Payton Pritchard,BOS,82.0,15.3,0.597,17.2,0.16,1.0,1.4,2023-24
Lauri Markkanen,UTA,55.0,21.5,0.631,25.0,0.163,3.6,2.6,2023-24
Cole Anthony,ORL,81.0,14.6,0.545,23.7,0.096,0.1,1.0,2023-24
Ivica Zubac,LAC,68.0,19.3,0.671,16.4,0.182,0.8,1.3,2023-24
Deandre Ayton,POR,55.0,18.9,0.587,21.1,0.106,0.3,1.0,2023-24
Derrick Jones Jr,DAL,76.0,11.7,0.592,14.9,0.083,-1.5,0.2,2023-24
Kyle Anderson,MIN,79.0,12.7,0.513,14.5,0.121,1.1,1.4,2023-24
Jalen Duren,DET,61.0,18.7,0.653,18.5,0.13,-0.1,0.9,2023-24
Bradley Beal,PHO,53.0,16.3,0.607,22.7,0.107,0.4,1.1,2023-24
Scoot Henderson,POR,62.0,9.5,0.489,26.5,-0.045,-5.8,-1.7,2023-24
Nick Richards,CHO,67.0,16.7,0.717,13.3,0.14,-2.3,-0.1,2023-24
Caleb Martin,MIA,64.0,10.8,0.531,17.3,0.066,-2.0,0.0,2023-24
Sam Hauser,BOS,79.0,13.0,0.629,15.0,0.134,1.2,1.4,2023-24
Al Horford,BOS,65.0,15.0,0.65,12.0,0.172,3.6,2.5,2023-24
Toumani Camara,POR,70.0,10.6,0.547,13.8,0.055,-3.1,-0.5,2023-24
Obi Toppin,IND,82.0,16.5,0.677,16.8,0.132,1.5,1.5,2023-24
Bilal Coulibaly,WAS,63.0,8.9,0.543,14.2,0.013,-4.2,-0.9,2023-24
Jabari Walker,POR,72.0,13.0,0.546,16.3,0.083,-3.3,-0.6,2023-24
Andrew Nembhard,IND,68.0,11.3,0.573,16.0,0.057,-2.2,-0.1,2023-24
Cason Wallace,OKC,82.0,12.0,0.612,12.9,0.115,0.1,0.9,2023-24
Trey Murphy III,NOP,57.0,16.3,0.612,18.6,0.154,2.5,1.9,2023-24
Jordan Clarkson,UTA,55.0,12.7,0.521,26.1,0.006,-4.5,-1.1,2023-24
DeAndre Hunter,ATL,57.0,12.7,0.595,20.6,0.062,-2.4,-0.2,2023-24
Pat Connaughton,MIL,76.0,9.6,0.574,10.9,0.08,-1.6,0.2,2023-24
Christian Braun,DEN,82.0,12.1,0.554,15.7,0.1,-1.9,0.0,2023-24
Julius Randle,NYK,46.0,18.9,0.569,29.9,0.113,1.9,1.6,2023-24
Santi Aldama,MEM,61.0,13.1,0.539,17.9,0.07,-0.2,0.7,2023-24
Malaki Branham,SAS,75.0,8.7,0.526,19.8,-0.008,-5.6,-1.5,2023-24
Paul Reed,PHI,82.0,17.4,0.58,15.9,0.154,0.4,0.9,2023-24
Ausar Thompson,DET,63.0,12.8,0.522,16.6,0.053,-2.2,-0.1,2023-24
Anfernee Simons,POR,46.0,15.9,0.568,28.0,0.068,0.2,0.8,2023-24
Kevin Huerter,SAC,64.0,12.4,0.564,17.3,0.089,-0.8,0.5,2023-24
Bennedict Mathurin,IND,59.0,13.0,0.562,23.4,0.045,-3.4,-0.6,2023-24
Evan Mobley,CLE,50.0,20.1,0.626,20.6,0.174,2.9,1.9,2023-24
Chris Paul,GSW,58.0,14.7,0.544,15.6,0.136,1.0,1.2,2023-24
Zach Collins,SAS,69.0,14.3,0.565,22.7,0.057,-2.0,0.0,2023-24
Josh Green,DAL,57.0,9.9,0.588,13.1,0.071,-2.7,-0.3,2023-24
Walker Kessler,UTA,64.0,18.0,0.663,12.8,0.131,0.9,1.1,2023-24
Draymond Green,GSW,55.0,14.5,0.587,15.3,0.116,2.4,1.6,2023-24
Peyton Watson,DEN,80.0,11.8,0.539,16.2,0.079,-2.2,-0.1,2023-24
Khris Middleton,MIL,55.0,17.0,0.595,23.9,0.109,1.1,1.2,2023-24
Amir Coffey,LAC,70.0,10.0,0.604,12.5,0.084,-2.2,-0.1,2023-24
Isaiah Joe,OKC,78.0,13.4,0.626,16.6,0.116,0.9,1.0,2023-24
Desmond Bane,MEM,42.0,18.5,0.589,28.5,0.102,2.8,1.7,2023-24
Vince Williams Jr,MEM,52.0,12.8,0.597,15.8,0.093,-0.7,0.5,2023-24
Isaiah Stewart,DET,46.0,11.3,0.6,14.5,0.056,-2.3,-0.1,2023-24
Moritz Wagner,ORL,80.0,20.6,0.676,22.8,0.188,2.0,1.4,2023-24
Tyler Herro,MIA,42.0,15.7,0.558,27.8,0.068,0.8,1.0,2023-24
Wendell Carter Jr,ORL,55.0,15.9,0.623,17.2,0.149,0.9,1.0,2023-24
Onyeka Okongwu,ATL,55.0,16.9,0.674,13.7,0.153,-0.4,0.5,2023-24
Amen Thompson,HOU,62.0,18.2,0.576,18.5,0.149,1.8,1.3,2023-24
Haywood Highsmith,MIA,66.0,11.1,0.587,12.4,0.108,-0.7,0.5,2023-24
Dyson Daniels,NOP,61.0,12.0,0.529,12.6,0.103,0.6,0.9,2023-24
Marcus Sasser,DET,71.0,11.8,0.542,19.9,0.033,-2.6,-0.2,2023-24
Kris Murray,POR,62.0,9.0,0.481,14.1,0.024,-3.6,-0.6,2023-24
Miles McBride,NYK,68.0,13.1,0.59,16.4,0.131,-0.1,0.6,2023-24
Joel Embiid,PHI,39.0,34.1,0.644,39.6,0.275,11.6,4.5,2023-24
Jeff Green,HOU,78.0,11.3,0.59,15.5,0.095,-2.1,0.0,2023-24
Gary Harris,ORL,54.0,9.4,0.587,11.7,0.099,-1.2,0.3,2023-24
Dereck Lively II,DAL,55.0,18.1,0.728,12.6,0.183,0.5,0.8,2023-24
TJ McConnell,IND,71.0,20.9,0.586,23.7,0.143,3.0,1.6,2023-24
Cedi Osman,SAS,72.0,11.2,0.601,15.1,0.071,-2.1,0.0,2023-24
Gradey Dick,TOR,60.0,8.9,0.546,17.4,0.01,-5.4,-1.1,2023-24
Naji Marshall,NOP,66.0,12.7,0.576,16.3,0.1,-0.7,0.4,2023-24
Kris Dunn,UTA,66.0,12.8,0.546,13.6,0.076,-0.1,0.6,2023-24
GG Jackson II,MEM,48.0,13.7,0.554,24.2,0.048,-2.0,0.0,2023-24
Aaron Wiggins,OKC,78.0,15.6,0.664,16.4,0.144,0.7,0.8,2023-24
Duop Reath,POR,68.0,15.1,0.571,20.7,0.095,-0.9,0.3,2023-24
Kevon Looney,GSW,74.0,15.1,0.62,11.3,0.162,0.6,0.8,2023-24
Patrick Williams,CHI,43.0,11.0,0.553,16.6,0.048,-2.3,-0.1,2023-24
John Konchar,MEM,55.0,11.4,0.537,9.7,0.091,-0.4,0.5,2023-24
Joe Ingles,ORL,68.0,10.6,0.612,11.6,0.108,-0.5,0.5,2023-24
Anthony Black,ORL,69.0,8.4,0.56,12.7,0.067,-3.0,-0.3,2023-24
Jordan Hawkins,NOP,67.0,10.2,0.533,19.9,0.053,-3.1,-0.3,2023-24
Moses Moody,GSW,66.0,13.7,0.578,18.4,0.101,-0.1,0.6,2023-24
Jae Crowder,MIL,50.0,8.9,0.546,11.5,0.065,-2.6,-0.2,2023-24
Trayce JacksonDavis,GSW,68.0,21.6,0.692,16.4,0.205,2.8,1.4,2023-24
Malcolm Brogdon,POR,39.0,17.0,0.56,23.0,0.111,2.0,1.1,2023-24
Dean Wade,CLE,54.0,10.2,0.598,10.5,0.11,0.1,0.6,2023-24
Davion Mitchell,SAC,72.0,9.3,0.555,14.9,0.059,-3.4,-0.4,2023-24
Dante Exum,DAL,55.0,13.7,0.645,15.0,0.127,-0.6,0.4,2023-24
Sam Merrill,CLE,61.0,13.1,0.598,17.5,0.125,0.5,0.7,2023-24
Shaedon Sharpe,POR,32.0,11.4,0.524,22.4,0.022,-2.8,-0.2,2023-24
Dennis Smith Jr,BRK,56.0,13.4,0.508,17.7,0.08,-0.8,0.3,2023-24
Ziaire Williams,MEM,51.0,9.3,0.511,19.7,0.01,-4.5,-0.6,2023-24
JaeSean Tate,HOU,65.0,9.3,0.538,11.7,0.082,-2.3,-0.1,2023-24
Kenrich Williams,OKC,69.0,11.9,0.568,13.4,0.115,-0.8,0.3,2023-24
Jose Alvarado,NOP,56.0,12.5,0.54,17.3,0.097,-0.1,0.5,2023-24
DeAnthony Melton,PHI,38.0,13.4,0.533,18.3,0.099,0.5,0.7,2023-24
Lonnie Walker IV,BRK,58.0,13.1,0.545,24.4,0.038,-1.4,0.2,2023-24
Talen HortonTucker,UTA,51.0,13.4,0.503,24.0,0.039,-1.2,0.2,2023-24
Killian Hayes,DET,42.0,10.5,0.474,15.1,0.032,-2.7,-0.2,2023-24
Jaden Hardy,DAL,73.0,11.2,0.517,24.9,0.014,-4.1,-0.5,2023-24
Keon Ellis,SAC,57.0,12.0,0.627,12.4,0.114,1.2,0.8,2023-24
Josh Okogie,PHO,60.0,12.0,0.552,13.0,0.104,-0.5,0.4,2023-24
Max Christie,LAL,67.0,8.4,0.544,13.6,0.036,-3.6,-0.4,2023-24
DayRon Sharpe,BRK,61.0,20.0,0.596,19.7,0.152,0.0,0.5,2023-24
Jonathan Isaac,ORL,58.0,19.2,0.61,16.7,0.188,3.8,1.4,2023-24
Markelle Fultz,ORL,43.0,12.6,0.492,18.8,0.069,-1.4,0.1,2023-24
Jaylin Williams,OKC,69.0,12.7,0.561,13.5,0.13,1.1,0.7,2023-24
Nikola Jovic,MIA,46.0,12.8,0.583,17.1,0.103,0.3,0.5,2023-24
Bryce McGowens,CHO,59.0,9.3,0.565,14.9,0.034,-4.9,-0.6,2023-24
Cam Whitmore,HOU,47.0,16.6,0.561,27.1,0.082,0.1,0.5,2023-24
Jaxson Hayes,LAL,70.0,14.0,0.718,12.5,0.135,-1.9,0.0,2023-24
Blake Wesley,SAS,61.0,10.1,0.537,14.7,0.05,-4.0,-0.4,2023-24
Zach LaVine,CHI,25.0,15.1,0.578,23.8,0.08,0.1,0.5,2023-24
Christian Wood,LAL,50.0,12.3,0.568,17.6,0.064,-2.8,-0.2,2023-24
Maxi Kleber,DAL,43.0,8.8,0.573,9.6,0.08,-1.3,0.2,2023-24
Trendon Watford,BRK,63.0,15.7,0.611,21.1,0.1,-0.5,0.3,2023-24
Taylor Hendricks,UTA,40.0,11.8,0.578,13.7,0.07,-1.6,0.1,2023-24
Dwight Powell,DAL,63.0,14.5,0.716,9.1,0.181,-0.3,0.4,2023-24
Caleb Houstan,ORL,59.0,8.3,0.582,12.5,0.089,-1.9,0.0,2023-24
Ben Sheppard,IND,57.0,8.1,0.524,13.2,0.046,-3.4,-0.3,2023-24
Jake LaRavia,MEM,35.0,12.6,0.54,21.1,0.062,-2.5,-0.1,2023-24
JT Thor,CHO,63.0,9.1,0.519,11.7,0.034,-4.5,-0.5,2023-24
Isaiah Jackson,IND,59.0,21.5,0.689,17.2,0.204,1.7,0.7,2023-24
Mitchell Robinson,NYK,31.0,16.1,0.554,10.2,0.155,0.0,0.4,2023-24
Jock Landale,HOU,56.0,15.6,0.584,14.8,0.146,-0.1,0.4,2023-24
Cody Martin,CHO,28.0,9.2,0.46,16.1,-0.012,-3.5,-0.3,2023-24
Nick Smith Jr,CHO,51.0,8.1,0.511,20.3,-0.036,-5.9,-0.7,2023-24
Landry Shamet,WAS,46.0,10.5,0.556,18.8,0.022,-4.0,-0.4,2023-24
Chris Duarte,SAC,59.0,8.4,0.512,14.9,0.047,-3.4,-0.2,2023-24
LaMelo Ball,CHO,22.0,20.8,0.561,34.3,0.074,3.3,1.0,2023-24
Chris Boucher,TOR,50.0,16.0,0.625,17.3,0.119,-1.7,0.1,2023-24
Dalen Terry,CHI,59.0,10.2,0.512,13.4,0.06,-2.3,0.0,2023-24
Jalen Wilson,BRK,43.0,10.8,0.537,14.3,0.077,-2.9,-0.2,2023-24
Craig Porter Jr,CLE,51.0,15.4,0.564,20.2,0.108,0.5,0.4,2023-24
Rayan Rupert,POR,39.0,5.8,0.451,13.6,-0.009,-6.7,-0.8,2023-24
Oshae Brissett,BOS,55.0,12.8,0.53,14.5,0.131,-1.8,0.0,2023-24
Jordan McLaughlin,MIN,56.0,15.5,0.638,12.1,0.193,4.2,1.0,2023-24
AJ Green,MIL,56.0,10.5,0.617,15.2,0.084,-2.1,0.0,2023-24
Johnny Davis,WAS,50.0,6.2,0.462,12.2,-0.009,-6.6,-0.7,2023-24
MarJon Beauchamp,MIL,48.0,9.7,0.592,14.6,0.056,-3.2,-0.2,2023-24
Marcus Smart,MEM,20.0,11.8,0.552,22.9,0.02,-2.4,0.0,2023-24
Jericho Sims,NYK,45.0,10.9,0.702,6.0,0.127,-1.8,0.0,2023-24
Brice Sensabaugh,UTA,32.0,8.6,0.511,20.3,-0.024,-5.5,-0.5,2023-24
Zeke Nnaji,DEN,58.0,12.4,0.528,15.4,0.099,-3.7,-0.2,2023-24
Andre Jackson Jr,MIL,57.0,8.5,0.596,10.0,0.081,-3.6,-0.2,2023-24
Jared Butler,WAS,40.0,14.1,0.579,19.9,0.054,-2.1,0.0,2023-24
Julian Strawther,DEN,50.0,8.2,0.482,20.7,0.015,-6.0,-0.6,2023-24
Omer Yurtseven,UTA,48.0,15.0,0.565,17.9,0.062,-3.0,-0.1,2023-24
Vit Krejci,ATL,22.0,8.4,0.633,9.8,0.056,-3.7,-0.2,2023-24
Scotty Pippen Jr,MEM,21.0,16.4,0.596,23.0,0.09,1.3,0.4,2023-24
Sasha Vezenkov,SAC,42.0,13.3,0.569,17.5,0.098,-0.9,0.1,2023-24
Mark Williams,CHO,19.0,22.5,0.675,17.1,0.198,0.8,0.3,2023-24
Patrick Baldwin Jr,WAS,38.0,9.7,0.502,15.9,0.019,-4.6,-0.3,2023-24
Tari Eason,HOU,22.0,17.1,0.528,19.8,0.125,1.6,0.4,2023-24
Bol Bol,PHO,43.0,18.7,0.7,16.5,0.168,2.1,0.5,2023-24
Isaiah Livers,DET,23.0,5.1,0.46,12.7,-0.015,-6.5,-0.5,2023-24
Anthony Gill,WAS,50.0,12.1,0.537,18.0,0.038,-4.1,-0.3,2023-24
Nassir Little,PHO,45.0,9.9,0.572,13.9,0.074,-3.0,-0.1,2023-24
Alex Len,SAC,48.0,14.7,0.625,11.8,0.138,0.2,0.2,2023-24
Chuma Okeke,ORL,47.0,6.9,0.465,13.3,0.029,-3.4,-0.2,2023-24
Dominick Barlow,SAS,33.0,14.6,0.548,14.1,0.126,-1.7,0.0,2023-24
Reggie Bullock,HOU,44.0,7.7,0.582,9.4,0.072,-2.4,0.0,2023-24
Trent Forrest,ATL,38.0,8.9,0.426,11.8,0.027,-4.4,-0.3,2023-24
Wesley Matthews,ATL,36.0,8.2,0.511,11.7,0.049,-2.8,-0.1,2023-24
Luka Samanic,UTA,43.0,8.9,0.485,21.8,-0.029,-7.8,-0.6,2023-24
Javon FreemanLiberty,TOR,22.0,10.7,0.547,17.5,0.029,-5.2,-0.3,2023-24
Derrick Rose,MEM,24.0,13.1,0.54,22.3,0.046,-2.8,-0.1,2023-24
Lester Quinones,GSW,37.0,10.3,0.533,18.3,0.068,-3.3,-0.1,2023-24
Kobe Brown,LAC,44.0,7.6,0.49,11.1,0.055,-3.8,-0.2,2023-24
Justin Minaya,POR,34.0,5.8,0.391,9.7,0.009,-5.6,-0.3,2023-24
Johnny Juzang,UTA,20.0,9.6,0.62,14.5,0.047,-3.7,-0.2,2023-24
Noah Clowney,BRK,23.0,14.2,0.626,14.2,0.111,-0.7,0.1,2023-24
Ousmane Dieng,OKC,33.0,10.1,0.54,16.9,0.055,-3.0,-0.1,2023-24
Jontay Porter,TOR,26.0,14.9,0.514,15.8,0.089,1.7,0.3,2023-24
Ben Simmons,BRK,15.0,16.3,0.571,13.0,0.133,2.4,0.4,2023-24
Brandon Boston Jr,LAC,32.0,8.7,0.476,25.4,-0.04,-9.0,-0.6,2023-24
Jarace Walker,IND,33.0,11.8,0.527,16.1,0.058,0.2,0.2,2023-24
JaVale McGee,SAC,46.0,19.0,0.609,23.4,0.101,-1.3,0.1,2023-24
OlivierMaxence Prosper,DAL,40.0,11.6,0.496,16.6,0.076,-2.9,-0.1,2023-24
Jeremiah RobinsonEarl,NOP,39.0,11.8,0.564,15.4,0.086,-2.2,0.0,2023-24
Neemias Queta,BOS,28.0,22.9,0.662,16.9,0.259,1.5,0.3,2023-24
Julian Phillips,CHI,40.0,7.0,0.521,13.0,0.031,-5.3,-0.3,2023-24
Cody Zeller,NOP,43.0,12.8,0.483,12.9,0.124,-2.6,0.0,2023-24
Ja Morant,MEM,9.0,20.6,0.57,30.4,0.124,3.1,0.4,2023-24
Ashton Hagans,POR,19.0,8.5,0.51,14.6,0.006,-3.5,-0.1,2023-24
Stanley Umude,DET,24.0,11.4,0.647,15.6,0.085,-1.6,0.0,2023-24
Nathan Mensah,CHO,25.0,5.0,0.496,6.8,0.023,-8.8,-0.5,2023-24
Orlando Robinson,MIA,36.0,14.0,0.596,14.8,0.135,-1.1,0.1,2023-24
Furkan Korkmaz,PHI,35.0,9.2,0.519,13.6,0.057,-2.7,-0.1,2023-24
Cory Joseph,GSW,26.0,6.2,0.47,11.3,0.034,-4.7,-0.2,2023-24
Ricky Council IV,PHI,32.0,18.6,0.604,22.1,0.173,1.3,0.2,2023-24
Garrett Temple,TOR,27.0,9.5,0.502,15.0,0.032,-4.7,-0.2,2023-24
Leaky Black,CHO,26.0,11.5,0.589,10.1,0.084,-2.4,0.0,2023-24
Lindy Waters III,OKC,38.0,15.3,0.653,17.3,0.15,1.9,0.3,2023-24
Onuralp Bitim,CHI,23.0,5.0,0.464,15.8,-0.027,-7.4,-0.4,2023-24
Jamal Cain,MIA,26.0,11.5,0.544,16.7,0.089,-2.3,0.0,2023-24
Jared Rhoden,DET,17.0,10.3,0.597,13.3,0.06,-2.5,0.0,2023-24
Javonte Green,CHI,9.0,20.2,0.681,16.7,0.18,2.0,0.2,2023-24
Ibou Badji,POR,22.0,8.1,0.623,8.0,0.046,-5.8,-0.2,2023-24
Collin Gillespie,DEN,24.0,11.0,0.586,17.1,0.076,-2.7,0.0,2023-24
Gabe Vincent,LAL,11.0,3.1,0.341,10.9,-0.033,-6.5,-0.2,2023-24
Charles Bassey,SAS,19.0,17.7,0.739,11.9,0.157,1.3,0.2,2023-24
Kobe Bufkin,ATL,17.0,9.1,0.424,22.4,-0.031,-4.5,-0.1,2023-24
Gui Santos,GSW,23.0,15.6,0.656,15.2,0.169,-0.5,0.1,2023-24
Colby Jones,SAC,30.0,8.9,0.422,19.1,0.007,-5.0,-0.1,2023-24
Micah Potter,UTA,16.0,11.0,0.609,10.9,0.075,-2.3,0.0,2023-24
Otto Porter Jr,TOR,15.0,8.7,0.568,8.9,0.07,-3.2,-0.1,2023-24
AJ Griffin,ATL,20.0,1.2,0.382,17.3,-0.12,-9.6,-0.3,2023-24
Joe Harris,DET,16.0,4.6,0.489,11.0,0.001,-5.9,-0.2,2023-24
Trevelin Queen,ORL,14.0,8.3,0.462,13.3,0.056,-3.4,-0.1,2023-24
Zavier Simpson,MEM,7.0,6.3,0.377,17.5,-0.046,-5.9,-0.2,2023-24
Thanasis Antetokounmpo,MIL,34.0,5.5,0.518,12.5,-0.01,-6.4,-0.2,2023-24
Tristan Vukcevic,WAS,10.0,13.9,0.554,23.9,0.045,-3.6,-0.1,2023-24
DeJon Jarreau,MEM,9.0,9.6,0.392,18.3,0.002,-4.0,-0.1,2023-24
Jules Bernard,WAS,19.0,12.7,0.544,21.5,0.026,-3.0,0.0,2023-24
Sidy Cissoko,SAS,12.0,12.0,0.568,12.7,0.11,-2.7,0.0,2023-24
Brandon Clarke,MEM,6.0,18.9,0.548,20.8,0.108,1.0,0.1,2023-24
Emoni Bates,CLE,15.0,2.6,0.404,19.5,-0.092,-9.2,-0.2,2023-24
Jeenathan Williams,HOU,22.0,15.6,0.565,19.7,0.11,-1.6,0.0,2023-24
Timmy Allen,MEM,5.0,0.8,0.272,8.9,-0.041,-11.1,-0.3,2023-24
Luka Garza,MIN,25.0,21.8,0.576,33.3,0.166,-2.1,0.0,2023-24
Maozinha Pereira,MEM,7.0,15.7,0.609,15.6,0.123,-0.5,0.0,2023-24
Jalen Pickett,DEN,27.0,9.7,0.571,16.4,0.065,-3.3,0.0,2023-24
Jahmius Ramsey,TOR,7.0,10.6,0.538,17.9,0.021,-4.4,-0.1,2023-24
Mouhamadou Gueye,TOR,11.0,4.6,0.31,19.2,-0.147,-11.9,-0.3,2023-24
Robert Williams,POR,6.0,17.2,0.684,13.2,0.144,0.7,0.1,2023-24
Xavier Moon,LAC,14.0,8.1,0.352,19.1,-0.026,-6.1,-0.1,2023-24
Brandon Williams,DAL,17.0,9.3,0.439,26.0,-0.044,-5.5,-0.1,2023-24
Udoka Azubuike,PHO,16.0,12.3,0.609,12.6,0.1,-3.2,0.0,2023-24
Matthew Hurt,MEM,8.0,8.4,0.453,14.2,0.031,-3.7,-0.1,2023-24
Jalen HoodSchifino,LAL,21.0,-1.5,0.316,24.9,-0.222,-16.1,-0.4,2023-24
Malik Williams,TOR,7.0,4.9,0.272,15.1,-0.069,-11.5,-0.3,2023-24
Maxwell Lewis,LAL,34.0,-3.9,0.246,13.6,-0.195,-13.5,-0.3,2023-24
Olivier Sarr,OKC,15.0,14.8,0.664,12.7,0.186,-2.6,0.0,2023-24
Josh Minott,MIN,32.0,20.4,0.593,21.4,0.222,5.1,0.2,2023-24
Chris Livingston,MIL,21.0,6.9,0.547,13.8,0.027,-8.0,-0.1,2023-24
Cole Swider,MIA,18.0,7.1,0.54,24.0,-0.05,-4.5,-0.1,2023-24
Terquavion Smith,PHI,16.0,14.8,0.539,28.4,0.05,0.8,0.1,2023-24
Buddy Boeheim,DET,10.0,9.1,0.509,17.0,0.047,-3.5,0.0,2023-24
Admiral Schofield,ORL,23.0,6.0,0.484,16.6,0.006,-4.9,-0.1,2023-24
Jordan Walsh,BOS,9.0,8.4,0.472,9.9,0.089,-3.8,0.0,2023-24
James Bouknight,CHO,14.0,15.9,0.597,23.9,0.062,2.2,0.1,2023-24
Jerome Robinson,GSW,22.0,5.7,0.41,20.7,-0.04,-8.3,-0.1,2023-24
Nate Hinton,HOU,15.0,17.6,0.585,17.7,0.187,3.6,0.1,2023-24
Wendell Moore Jr,MIN,25.0,8.6,0.5,13.0,0.052,-2.8,0.0,2023-24
Mouhamed Gueye,ATL,6.0,15.0,0.468,15.2,0.127,-1.5,0.0,2023-24
Isaiah Mobley,CLE,10.0,8.1,0.471,16.2,0.032,-6.6,-0.1,2023-24
Boban Marjanovic,HOU,14.0,21.1,0.56,27.0,0.128,-0.3,0.0,2023-24
Jason Preston,UTA,7.0,10.5,0.316,12.4,0.026,-2.6,0.0,2023-24
Jett Howard,ORL,18.0,8.6,0.457,22.7,0.005,-1.8,0.0,2023-24
Kobi Simmons,TOR,4.0,14.5,0.476,14.0,0.098,-1.0,0.0,2023-24
Adama Sanogo,CHI,9.0,21.9,0.558,24.8,0.133,-6.7,-0.1,2023-24
Keyontae Johnson,OKC,9.0,1.6,0.344,13.1,-0.068,-9.8,-0.1,2023-24
Amari Bailey,CHO,10.0,9.7,0.425,21.1,-0.044,-8.3,-0.1,2023-24
Robin Lopez,MIL,16.0,6.6,0.453,14.5,0.007,-6.1,-0.1,2023-24
Moussa Diabate,LAC,11.0,24.7,0.576,18.6,0.25,3.5,0.1,2023-24
Jack White,MEM,4.0,1.1,0.188,12.1,-0.1,-10.3,-0.1,2023-24
Kendall Brown,IND,15.0,7.6,0.567,13.7,0.045,-6.8,-0.1,2023-24
Jermaine Samuels,HOU,14.0,15.1,0.672,10.5,0.178,0.8,0.0,2023-24
Colin Castleton,LAL,16.0,13.0,0.644,15.8,0.128,-5.2,0.0,2023-24
TyTy Washington Jr,MIL,11.0,4.6,0.35,17.0,-0.072,-8.2,-0.1,2023-24
Dereon Seabron,NOP,6.0,9.2,0.448,12.4,0.087,-1.5,0.0,2023-24
Leonard Miller,MIN,17.0,27.0,0.694,18.6,0.323,9.6,0.2,2023-24
Seth Lundy,ATL,9.0,0.0,0.373,15.8,-0.092,-12.7,-0.1,2023-24
David Duke Jr,SAS,4.0,16.2,0.673,18.5,0.119,1.4,0.0,2023-24
Daishen Nix,MIN,15.0,12.3,0.507,28.0,0.014,-1.4,0.0,2023-24
Jay Huff,DEN,20.0,18.5,0.724,15.0,0.212,1.3,0.0,2023-24
Hunter Tyson,DEN,18.0,6.0,0.5,20.0,0.007,-8.9,-0.1,2023-24
James Johnson,IND,9.0,5.0,0.368,14.2,-0.05,-5.8,0.0,2023-24
DaQuan Jeffries,NYK,17.0,3.1,0.391,19.6,-0.087,-8.1,-0.1,2023-24
Frank Ntilikina,CHO,5.0,0.0,0.253,11.2,-0.099,-13.4,-0.1,2023-24
Oscar Tshiebwe,IND,8.0,24.8,0.553,23.5,0.221,2.2,0.0,2023-24
DMoi Hodge,LAL,7.0,6.1,0.441,17.8,-0.019,-6.3,0.0,2023-24
Taze Moore,POR,4.0,11.8,0.453,24.3,-0.017,-3.1,0.0,2023-24
Greg Brown III,DAL,6.0,10.5,0.501,20.3,0.0,-4.4,0.0,2023-24
RaiQuan Gray,SAS,3.0,22.7,0.676,19.5,0.187,7.4,0.1,2023-24
JD Davison,BOS,8.0,18.8,0.581,17.6,0.228,3.3,0.1,2023-24
Jacob Toppin,NYK,9.0,14.3,0.658,12.4,0.161,-0.7,0.0,2023-24
Jalen Slawson,SAC,12.0,6.6,0.667,9.2,0.058,-6.4,0.0,2023-24
DJ Carton,TOR,4.0,9.6,0.539,13.3,0.062,-5.3,0.0,2023-24
Dexter Dennis,DAL,4.0,18.3,0.541,33.3,0.004,1.7,0.0,2023-24
Henri Drell,CHI,4.0,10.7,0.506,18.8,0.047,-4.9,0.0,2023-24
Jordan Miller,LAC,8.0,14.1,0.658,17.0,0.116,-3.8,0.0,2023-24
Mason Jones,SAC,5.0,5.8,0.394,16.6,-0.018,-5.5,0.0,2023-24
Pete Nance,CLE,8.0,-3.9,0.218,12.9,-0.154,-15.2,-0.1,2023-24
Pat Spencer,GSW,6.0,9.4,0.5,8.1,0.084,-6.4,0.0,2023-24
Dariq Whitehead,BRK,2.0,4.9,0.255,10.6,-0.03,-7.9,0.0,2023-24
Drew Peterson,BOS,3.0,18.5,0.917,13.3,0.194,5.3,0.0,2023-24
EJ Liddell,NOP,8.0,4.3,0.291,16.8,-0.091,-4.7,0.0,2023-24
Jordan Ford,SAC,6.0,16.8,0.761,17.3,0.157,2.2,0.0,2023-24
Usman Garuba,GSW,6.0,7.0,0.218,20.8,-0.124,-10.9,0.0,2023-24
Alondes Williams,MIA,7.0,-7.9,0.296,29.1,-0.357,-23.2,-0.1,2023-24
DJ Wilson,PHI,2.0,31.6,0.833,17.3,0.355,22.4,0.1,2023-24
Ty Jerome,CLE,2.0,7.6,0.5,14.7,0.04,-4.9,0.0,2023-24
Adam Flagler,OKC,2.0,0.6,0.214,21.7,-0.159,-10.6,0.0,2023-24
Andrew Funk,CHI,5.0,-5.0,0.0,13.5,-0.252,-14.4,0.0,2023-24
Quenton Jackson,IND,3.0,16.1,0.532,7.2,0.203,3.3,0.0,2023-24
Joshua Primo,LAC,2.0,-12.8,0.333,30.7,-0.585,-25.0,-0.1,2023-24
Lindell Wigginton,MIL,3.0,5.6,0.51,37.1,-0.154,-23.9,0.0,2023-24
Kaiser Gates,NOP,1.0,-19.9,0.0,24.9,-0.558,-28.8,-0.1,2023-24
Kevon Harris,ORL,2.0,11.1,0.667,29.1,0.038,-15.8,0.0,2023-24
Shaquille Harrison,MEM,3.0,15.9,0.5,14.3,0.09,4.6,0.0,2023-24
Hamidou Diallo,WAS,2.0,33.2,0.5,25.3,0.204,18.7,0.0,2023-24
Markquis Nowell,TOR,1.0,55.5,0.532,20.1,0.665,43.3,0.0,2023-24
Isaiah Wong,IND,1.0,-1.1,0.333,31.4,-0.277,-19.0,0.0,2023-24
Ron Harper Jr,TOR,1.0,0.0,,0.0,0.087,-8.8,0.0,2023-24
Izaiah Brockington,NOP,1.0,26.6,0.4,72.5,-0.177,-17.8,0.0,2023-24
Malcolm Cazalon,DET,1.0,0.0,,0.0,-0.012,-9.1,0.0,2023-24
Jalen Crutcher,NOP,1.0,-12.6,0.0,14.5,-0.334,-26.2,0.0,2023-24
Dmytro Skapintsev,NYK,2.0,-19.3,0.0,21.6,-0.483,-25.9,0.0,2023-24
Anthony Edwards,MIN,79.0,17.4,0.564,29.9,0.064,1.0,2.1,2022-23
Zach LaVine,CHI,77.0,19.0,0.607,28.3,0.123,1.9,2.7,2022-23
Nikola Vucevic,CHI,82.0,19.1,0.594,21.9,0.145,2.7,3.2,2022-23
Julius Randle,NYK,77.0,20.3,0.581,29.5,0.142,3.7,3.9,2022-23
Jayson Tatum,BOS,74.0,23.7,0.607,32.7,0.185,5.5,5.1,2022-23
Evan Mobley,CLE,79.0,17.9,0.591,20.2,0.151,1.7,2.5,2022-23
Dejounte Murray,ATL,74.0,17.0,0.54,24.4,0.084,1.0,2.1,2022-23
DeMar DeRozan,CHI,74.0,20.6,0.592,27.8,0.153,2.0,2.6,2022-23
Scottie Barnes,TOR,77.0,15.5,0.524,20.3,0.09,0.4,1.6,2022-23
Harrison Barnes,SAC,82.0,14.1,0.632,17.1,0.118,-1.0,0.7,2022-23
Franz Wagner,ORL,80.0,15.9,0.589,23.5,0.099,-0.1,1.3,2022-23
Jalen Green,HOU,76.0,14.5,0.538,28.1,0.034,-2.1,0.0,2022-23
Bam Adebayo,MIA,75.0,20.1,0.592,25.2,0.137,1.5,2.3,2022-23
Trae Young,ATL,73.0,22.0,0.573,32.6,0.126,3.3,3.4,2022-23
Fred VanVleet,TOR,69.0,17.0,0.54,23.2,0.123,2.5,2.9,2022-23
Jordan Poole,GSW,82.0,14.6,0.573,29.2,0.063,-1.9,0.1,2022-23
Jabari Smith Jr,HOU,79.0,11.2,0.514,18.4,0.037,-3.7,-1.1,2022-23
Trey Murphy III,NOP,79.0,15.2,0.65,16.6,0.15,1.8,2.3,2022-23
Darius Garland,CLE,69.0,18.8,0.587,26.9,0.148,2.4,2.7,2022-23
Tobias Harris,PHI,74.0,14.8,0.602,18.2,0.116,0.7,1.7,2022-23
DeAaron Fox,SAC,73.0,21.8,0.599,30.1,0.146,2.5,2.7,2022-23
Donovan Mitchell,CLE,68.0,22.9,0.614,32.1,0.176,6.3,5.0,2022-23
Paolo Banchero,ORL,72.0,14.9,0.529,27.5,0.047,-1.5,0.3,2022-23
Shai GilgeousAlexander,OKC,68.0,27.2,0.626,32.8,0.226,7.3,5.6,2022-23
Jaden McDaniels,MIN,79.0,12.0,0.611,15.8,0.087,-1.2,0.5,2022-23
Jaylen Brown,BOS,67.0,19.1,0.581,31.4,0.1,1.3,2.0,2022-23
Luka Doncic,DAL,66.0,28.7,0.609,37.6,0.204,8.9,6.6,2022-23
Keegan Murray,SAC,80.0,12.3,0.597,15.8,0.087,-0.6,0.8,2022-23
Kentavious CaldwellPope,DEN,76.0,11.5,0.598,14.1,0.091,-1.0,0.6,2022-23
Jalen Brunson,NYK,68.0,21.2,0.597,27.2,0.175,3.9,3.5,2022-23
Brook Lopez,MIL,78.0,18.4,0.63,19.3,0.161,2.1,2.5,2022-23
Josh Giddey,OKC,76.0,17.1,0.533,24.6,0.081,1.2,1.9,2022-23
Reggie Bullock,DAL,78.0,7.7,0.577,10.0,0.056,-2.6,-0.4,2022-23
Tyler Herro,MIA,67.0,15.3,0.566,25.6,0.072,0.6,1.6,2022-23
Nikola Jokic,DEN,69.0,31.5,0.701,27.2,0.308,13.0,8.8,2022-23
Patrick Williams,CHI,82.0,11.2,0.576,15.7,0.072,-1.3,0.4,2022-23
Jaden Ivey,DET,74.0,12.1,0.528,25.4,-0.001,-3.3,-0.7,2022-23
Draymond Green,GSW,73.0,12.2,0.592,13.2,0.098,0.8,1.6,2022-23
Joel Embiid,PHI,66.0,31.4,0.655,37.0,0.259,9.2,6.4,2022-23
Klay Thompson,GSW,69.0,14.7,0.576,26.4,0.066,-0.3,1.0,2022-23
Jalen Williams,OKC,75.0,15.6,0.601,18.4,0.119,0.3,1.3,2022-23
Lauri Markkanen,UTA,66.0,22.1,0.64,26.6,0.173,3.8,3.3,2022-23
Luguentz Dort,OKC,74.0,11.3,0.513,19.8,0.062,-3.0,-0.6,2022-23
Max Strus,MIA,80.0,10.8,0.557,17.6,0.071,-1.7,0.2,2022-23
Nic Claxton,BRK,76.0,20.8,0.691,15.4,0.195,3.1,2.9,2022-23
Jerami Grant,POR,63.0,16.0,0.606,22.8,0.087,-0.2,1.0,2022-23
Kyle Kuzma,WAS,64.0,14.3,0.544,27.9,0.019,-1.7,0.2,2022-23
Bennedict Mathurin,IND,78.0,13.1,0.566,24.6,0.038,-3.7,-1.0,2022-23
Jarrett Allen,CLE,68.0,19.9,0.67,16.4,0.205,2.4,2.4,2022-23
Dillon Brooks,MEM,73.0,9.4,0.494,21.8,0.034,-3.9,-1.1,2022-23
Kevin Huerter,SAC,75.0,15.2,0.617,19.9,0.107,1.0,1.7,2022-23
Jrue Holiday,MIL,67.0,19.2,0.586,25.0,0.148,3.1,2.8,2022-23
Anfernee Simons,POR,62.0,14.8,0.581,25.1,0.054,-1.1,0.5,2022-23
Alperen Sengun,HOU,75.0,19.7,0.599,21.4,0.115,1.4,1.9,2022-23
Ivica Zubac,LAC,76.0,16.7,0.661,14.8,0.149,-0.9,0.6,2022-23
Killian Hayes,DET,76.0,10.2,0.455,20.5,-0.012,-3.8,-1.0,2022-23
Tim Hardaway Jr,DAL,71.0,12.1,0.554,20.6,0.051,-1.8,0.1,2022-23
DeAnthony Melton,PHI,77.0,12.7,0.566,16.4,0.095,0.9,1.6,2022-23
Rudy Gobert,MIN,70.0,18.9,0.675,16.3,0.174,0.7,1.4,2022-23
Jimmy Butler,MIA,64.0,27.6,0.647,25.6,0.277,8.7,5.8,2022-23
Jamal Murray,DEN,65.0,18.0,0.571,26.1,0.116,1.3,1.8,2022-23
John Collins,ATL,71.0,13.6,0.593,17.1,0.095,-1.3,0.4,2022-23
DeAndre Hunter,ATL,67.0,11.5,0.563,19.7,0.057,-3.3,-0.7,2022-23
Gary Trent Jr,TOR,66.0,15.0,0.56,21.7,0.102,0.2,1.2,2022-23
Damian Lillard,POR,58.0,26.7,0.645,33.8,0.205,7.1,4.9,2022-23
Ayo Dosunmu,CHI,80.0,10.2,0.567,14.9,0.067,-2.5,-0.2,2022-23
Corey Kispert,WAS,74.0,11.5,0.657,14.1,0.088,-1.5,0.2,2022-23
Caleb Martin,MIA,71.0,11.4,0.571,14.4,0.086,-1.2,0.4,2022-23
Andrew Nembhard,IND,75.0,10.0,0.528,16.1,0.029,-3.2,-0.6,2022-23
Keldon Johnson,SAS,63.0,15.3,0.551,27.9,0.03,-1.8,0.1,2022-23
Aaron Gordon,DEN,68.0,19.5,0.617,21.1,0.158,2.1,2.1,2022-23
Deandre Ayton,PHO,67.0,19.9,0.617,22.9,0.147,0.9,1.5,2022-23
Giannis Antetokounmpo,MIL,63.0,29.0,0.605,38.8,0.204,8.5,5.4,2022-23
Kevin Porter Jr,HOU,59.0,16.2,0.565,24.3,0.068,0.6,1.3,2022-23
Deni Avdija,WAS,76.0,11.2,0.535,16.7,0.054,-2.3,-0.1,2022-23
Tyrese Maxey,PHI,60.0,17.0,0.605,24.1,0.128,0.6,1.3,2022-23
Jordan Clarkson,UTA,61.0,14.7,0.558,27.8,0.042,-1.4,0.3,2022-23
Tre Jones,SAS,68.0,16.0,0.534,19.3,0.082,-1.0,0.5,2022-23
Grayson Allen,MIL,72.0,12.3,0.612,14.6,0.123,0.1,1.0,2022-23
Jonas Valanciunas,NOP,79.0,19.3,0.61,23.4,0.142,-0.4,0.8,2022-23
Kevon Looney,GSW,82.0,17.8,0.639,10.6,0.212,2.1,2.0,2022-23
Marcus Smart,BOS,61.0,12.1,0.538,17.8,0.092,-1.0,0.5,2022-23
Kyle Anderson,MIN,69.0,14.8,0.583,14.4,0.125,2.5,2.2,2022-23
LeBron James,LAL,55.0,23.9,0.583,33.3,0.138,6.1,4.0,2022-23
Herbert Jones,NOP,66.0,12.1,0.567,14.5,0.104,-0.3,0.8,2022-23
Ja Morant,MEM,61.0,23.3,0.557,34.9,0.148,5.7,3.8,2022-23
Stephen Curry,GSW,56.0,24.1,0.656,31.0,0.192,7.5,4.7,2022-23
Tyus Jones,MEM,80.0,16.0,0.546,17.7,0.141,1.6,1.7,2022-23
Paul George,LAC,56.0,19.6,0.588,29.5,0.114,2.8,2.3,2022-23
Al Horford,BOS,63.0,13.8,0.631,11.9,0.157,3.3,2.5,2022-23
Anthony Davis,LAL,56.0,27.8,0.627,28.4,0.226,6.3,4.0,2022-23
Chris Paul,PHO,59.0,17.7,0.555,19.2,0.156,3.2,2.5,2022-23
Terance Mann,LAC,81.0,13.4,0.619,15.3,0.111,-0.2,0.8,2022-23
Onyeka Okongwu,ATL,80.0,19.4,0.678,15.1,0.185,0.8,1.3,2022-23
Austin Reaves,LAL,64.0,14.9,0.687,16.2,0.142,0.7,1.2,2022-23
Desmond Bane,MEM,58.0,19.1,0.606,26.1,0.151,3.5,2.5,2022-23
Devin Booker,PHO,53.0,22.0,0.601,31.8,0.157,4.2,2.9,2022-23
Myles Turner,IND,62.0,20.0,0.651,22.0,0.142,2.1,1.9,2022-23
Bobby Portis,MIL,70.0,17.8,0.575,21.7,0.139,0.7,1.2,2022-23
Aaron Nesmith,IND,73.0,10.5,0.566,16.8,0.052,-3.0,-0.4,2022-23
Michael Porter Jr,DEN,62.0,16.8,0.621,22.7,0.116,0.2,1.0,2022-23
Naji Marshall,NOP,77.0,11.4,0.539,17.8,0.068,-1.9,0.1,2022-23
Jaren Jackson Jr,MEM,63.0,21.6,0.613,24.7,0.177,2.8,2.2,2022-23
Shaedon Sharpe,POR,80.0,11.5,0.568,19.0,0.032,-3.3,-0.6,2022-23
Markelle Fultz,ORL,60.0,16.6,0.564,21.3,0.1,0.5,1.2,2022-23
Tari Eason,HOU,82.0,15.2,0.525,19.3,0.07,-1.7,0.1,2022-23
Gabe Vincent,MIA,68.0,9.0,0.533,17.5,0.038,-3.4,-0.6,2022-23
Kawhi Leonard,LAC,52.0,23.9,0.623,27.0,0.194,6.1,3.5,2022-23
Malcolm Brogdon,BOS,67.0,18.2,0.615,22.8,0.161,2.8,2.1,2022-23
Christian Wood,DAL,67.0,20.6,0.624,26.4,0.132,1.7,1.6,2022-23
Clint Capela,ATL,65.0,22.1,0.656,15.7,0.201,2.2,1.8,2022-23
Coby White,CHI,74.0,12.5,0.572,17.9,0.087,-0.8,0.5,2022-23
Malik Monk,SAC,77.0,16.6,0.587,25.8,0.091,0.3,1.0,2022-23
Walker Kessler,UTA,74.0,21.5,0.702,13.3,0.2,2.9,2.1,2022-23
Wendell Carter Jr,ORL,57.0,17.3,0.621,20.5,0.13,1.0,1.3,2022-23
Santi Aldama,MEM,77.0,13.9,0.591,16.0,0.13,0.5,1.1,2022-23
Bradley Beal,WAS,50.0,19.7,0.593,29.2,0.099,1.8,1.6,2022-23
Jalen Duren,DET,67.0,17.3,0.655,14.3,0.129,-0.8,0.5,2022-23
Isaac Okoro,CLE,76.0,10.7,0.614,11.9,0.122,-0.3,0.7,2022-23
Isaiah Hartenstein,NYK,82.0,14.2,0.567,11.2,0.136,-0.3,0.7,2022-23
Mitchell Robinson,NYK,59.0,18.9,0.652,10.1,0.197,2.4,1.7,2022-23
Alex Caruso,CHI,67.0,11.5,0.588,11.1,0.109,1.1,1.2,2022-23
Cole Anthony,ORL,60.0,16.0,0.57,21.5,0.116,1.3,1.3,2022-23
Malaki Branham,SAS,66.0,9.5,0.524,19.1,-0.004,-5.2,-1.3,2022-23
Kelly Oubre Jr,CHO,48.0,14.8,0.534,26.5,0.051,-1.1,0.3,2022-23
Cedi Osman,CLE,77.0,12.0,0.579,18.2,0.103,-0.7,0.5,2022-23
Josh Green,DAL,60.0,11.2,0.645,14.6,0.082,-2.4,-0.2,2022-23
Brandon Ingram,NOP,45.0,19.2,0.582,30.8,0.108,1.7,1.5,2022-23
Joe Harris,BRK,74.0,10.6,0.621,14.3,0.083,-1.1,0.3,2022-23
TJ McConnell,IND,75.0,16.8,0.59,19.1,0.098,0.5,1.0,2022-23
Chris Boucher,TOR,76.0,18.0,0.59,18.0,0.156,-0.1,0.7,2022-23
Georges Niang,PHI,78.0,10.9,0.61,17.0,0.078,-1.4,0.2,2022-23
Bogdan Bogdanovic,ATL,54.0,14.2,0.586,19.8,0.088,0.5,0.9,2022-23
Damion Lee,PHO,74.0,10.7,0.607,16.3,0.081,-1.7,0.1,2022-23
Bol Bol,ORL,70.0,14.4,0.603,18.2,0.072,-0.9,0.4,2022-23
John Konchar,MEM,72.0,10.8,0.542,10.4,0.111,0.5,0.9,2022-23
Jeremy Sochan,SAS,56.0,11.4,0.509,19.8,0.005,-4.0,-0.7,2022-23
Dwight Powell,DAL,76.0,15.5,0.738,12.6,0.168,-1.2,0.3,2022-23
Davion Mitchell,SAC,80.0,9.4,0.545,14.1,0.05,-2.8,-0.3,2022-23
Pat Connaughton,MIL,61.0,10.0,0.531,13.8,0.085,-1.0,0.3,2022-23
Zach Collins,SAS,63.0,16.4,0.599,21.2,0.074,-0.2,0.6,2022-23
Isaiah Stewart,DET,50.0,13.1,0.56,17.3,0.068,-2.1,0.0,2022-23
AJ Griffin,ATL,72.0,12.6,0.577,17.9,0.075,-0.8,0.4,2022-23
Isaiah Joe,OKC,73.0,14.5,0.626,17.7,0.131,0.9,1.0,2022-23
Jonathan Kuminga,GSW,67.0,13.3,0.597,19.6,0.084,-1.7,0.1,2022-23
Jusuf Nurkic,POR,52.0,17.3,0.589,22.1,0.092,0.1,0.7,2022-23
Dennis Smith Jr,CHO,54.0,11.6,0.475,17.6,0.039,-2.2,-0.1,2022-23
Josh Okogie,PHO,72.0,13.3,0.531,17.7,0.101,-0.2,0.6,2022-23
Talen HortonTucker,UTA,65.0,13.7,0.508,25.9,0.029,-1.6,0.2,2022-23
Jose Alvarado,NOP,61.0,11.8,0.525,19.8,0.066,-1.2,0.3,2022-23
Lonnie Walker IV,LAL,56.0,12.2,0.57,20.2,0.066,-1.4,0.2,2022-23
Aaron Wiggins,OKC,70.0,12.2,0.607,14.5,0.097,-2.1,0.0,2022-23
Sam Hauser,BOS,80.0,12.7,0.634,14.7,0.128,1.0,1.0,2022-23
LaMelo Ball,CHO,36.0,17.9,0.541,30.0,0.068,2.4,1.4,2022-23
Naz Reid,MIN,68.0,18.5,0.617,24.8,0.114,1.0,1.0,2022-23
Jalen Suggs,ORL,53.0,12.5,0.528,20.3,0.053,-1.0,0.3,2022-23
Cory Joseph,DET,62.0,12.1,0.558,15.2,0.07,-1.5,0.2,2022-23
Nick Richards,CHO,65.0,18.3,0.676,15.6,0.165,-1.3,0.2,2022-23
Kenrich Williams,OKC,53.0,14.4,0.585,13.7,0.133,0.5,0.8,2022-23
Isaiah Livers,DET,52.0,8.4,0.567,11.9,0.041,-2.4,-0.1,2022-23
Anthony Lamb,GSW,62.0,10.9,0.61,13.8,0.096,-1.1,0.3,2022-23
Taurean Prince,MIN,54.0,10.0,0.597,17.3,0.052,-3.3,-0.4,2022-23
Andrew Wiggins,GSW,37.0,14.7,0.564,21.5,0.091,-0.5,0.5,2022-23
Gary Harris,ORL,48.0,10.5,0.62,12.6,0.095,-0.7,0.4,2022-23
Trendon Watford,POR,62.0,13.6,0.625,16.1,0.084,-1.8,0.1,2022-23
Christian Braun,DEN,76.0,10.3,0.568,13.0,0.079,-2.4,-0.1,2022-23
Devin Vassell,SAS,38.0,15.5,0.55,24.4,0.051,0.4,0.7,2022-23
Collin Sexton,UTA,48.0,15.9,0.616,23.4,0.105,-1.3,0.2,2022-23
Steven Adams,MEM,42.0,17.5,0.564,14.6,0.144,0.6,0.7,2022-23
Moritz Wagner,ORL,57.0,17.4,0.63,21.1,0.149,0.6,0.7,2022-23
Victor Oladipo,MIA,42.0,10.6,0.513,21.1,0.024,-2.1,0.0,2022-23
Ben Simmons,BRK,42.0,13.4,0.559,14.3,0.097,0.4,0.7,2022-23
Jeff Green,DEN,56.0,11.0,0.576,17.0,0.074,-3.4,-0.4,2022-23
Brandon Clarke,MEM,56.0,20.0,0.682,17.7,0.199,2.5,1.3,2022-23
Oshae Brissett,IND,65.0,10.6,0.52,16.1,0.05,-3.2,-0.3,2022-23
Obi Toppin,NYK,67.0,13.6,0.565,19.5,0.095,-0.5,0.4,2022-23
Joe Ingles,MIL,46.0,10.7,0.616,12.6,0.107,-0.7,0.3,2022-23
Isaiah Jackson,IND,63.0,17.5,0.595,17.4,0.124,-0.8,0.3,2022-23
Jalen Johnson,ATL,70.0,14.1,0.554,16.0,0.099,0.3,0.6,2022-23
Dyson Daniels,NOP,59.0,8.8,0.503,11.6,0.061,-1.8,0.0,2022-23
Austin Rivers,MIN,52.0,7.4,0.564,10.5,0.061,-2.8,-0.2,2022-23
Hamidou Diallo,DET,56.0,15.7,0.593,21.8,0.063,-1.4,0.1,2022-23
Jock Landale,PHO,69.0,16.4,0.595,19.3,0.132,-1.1,0.2,2022-23
Nassir Little,POR,54.0,10.2,0.555,16.0,0.032,-3.0,-0.3,2022-23
Usman Garuba,HOU,75.0,12.9,0.569,10.5,0.091,-1.4,0.2,2022-23
JT Thor,CHO,69.0,7.0,0.506,13.1,0.009,-4.7,-0.7,2022-23
Haywood Highsmith,MIA,54.0,8.5,0.517,12.5,0.046,-3.1,-0.3,2022-23
KarlAnthony Towns,MIN,29.0,18.8,0.618,25.6,0.133,3.0,1.2,2022-23
Zion Williamson,NOP,29.0,25.2,0.652,30.4,0.18,5.8,1.9,2022-23
Cam Thomas,BRK,57.0,14.7,0.567,27.8,0.049,-2.7,-0.2,2022-23
Maxi Kleber,DAL,37.0,8.7,0.592,10.3,0.067,-2.2,0.0,2022-23
Jaylin Williams,OKC,49.0,11.2,0.559,13.5,0.099,-1.7,0.1,2022-23
Daishen Nix,HOU,57.0,5.3,0.447,15.4,-0.062,-6.5,-1.0,2022-23
Chris Duarte,IND,46.0,8.6,0.496,19.0,-0.003,-4.5,-0.6,2022-23
Derrick Jones Jr,CHI,64.0,13.8,0.597,14.5,0.131,-0.4,0.3,2022-23
Dean Wade,CLE,44.0,8.5,0.55,10.2,0.097,-0.7,0.3,2022-23
Vlatko Cancar,DEN,60.0,11.0,0.606,13.8,0.093,-1.8,0.0,2022-23
Terence Davis,SAC,64.0,12.9,0.563,22.2,0.054,-1.5,0.1,2022-23
Mark Williams,CHO,43.0,19.8,0.659,17.0,0.163,0.1,0.4,2022-23
Robert Williams,BOS,35.0,19.8,0.742,11.8,0.224,3.3,1.1,2022-23
Wesley Matthews,MIL,52.0,7.0,0.519,9.8,0.073,-2.7,-0.1,2022-23
Moses Moody,GSW,63.0,10.3,0.603,14.6,0.076,-2.6,-0.1,2022-23
Ty Jerome,GSW,45.0,12.8,0.594,14.9,0.124,-0.8,0.3,2022-23
Rudy Gay,UTA,56.0,9.0,0.475,17.7,0.018,-4.0,-0.4,2022-23
Jeremiah RobinsonEarl,OKC,43.0,13.0,0.548,14.6,0.111,-1.5,0.1,2022-23
Caleb Houstan,ORL,51.0,6.2,0.508,11.0,0.039,-4.0,-0.4,2022-23
Jericho Sims,NYK,52.0,13.8,0.78,7.4,0.153,-0.5,0.3,2022-23
Landry Shamet,PHO,40.0,10.9,0.537,18.9,0.071,-1.4,0.1,2022-23
Christian Koloko,TOR,58.0,11.4,0.517,10.4,0.104,-3.5,-0.3,2022-23
Khris Middleton,MIL,33.0,17.4,0.551,27.4,0.117,0.8,0.6,2022-23
JaMychal Green,GSW,57.0,15.5,0.65,17.5,0.133,-0.5,0.3,2022-23
Bryce McGowens,CHO,46.0,7.2,0.519,15.0,0.005,-6.0,-0.8,2022-23
Josh Christopher,HOU,64.0,11.5,0.523,21.9,-0.001,-4.3,-0.5,2022-23
Miles McBride,NYK,64.0,8.4,0.475,14.6,0.047,-2.3,-0.1,2022-23
John Wall,LAC,34.0,13.6,0.498,27.0,0.02,-1.2,0.1,2022-23
Paul Reed,PHI,69.0,19.2,0.62,16.4,0.18,-0.1,0.4,2022-23
Edmond Sumner,BRK,53.0,14.0,0.597,22.1,0.086,-2.6,-0.1,2022-23
Zeke Nnaji,DEN,53.0,12.5,0.62,15.2,0.106,-3.7,-0.3,2022-23
Jaden Hardy,DAL,48.0,14.6,0.571,26.4,0.048,-2.3,0.0,2022-23
MarJon Beauchamp,MIL,52.0,8.2,0.513,18.3,0.027,-4.8,-0.5,2022-23
Duncan Robinson,MIA,42.0,7.8,0.534,17.9,0.035,-5.0,-0.5,2022-23
Jordan McLaughlin,MIN,43.0,11.8,0.526,11.7,0.094,-0.7,0.2,2022-23
JaeSean Tate,HOU,31.0,12.2,0.546,18.8,0.049,-3.5,-0.3,2022-23
Blake Wesley,SAS,37.0,3.5,0.393,18.5,-0.114,-9.6,-1.3,2022-23
Payton Pritchard,BOS,48.0,10.3,0.536,19.8,0.045,-3.4,-0.2,2022-23
Amir Coffey,LAC,50.0,7.0,0.498,13.5,0.033,-5.0,-0.5,2022-23
Anthony Gill,WAS,59.0,11.1,0.604,12.3,0.101,-3.3,-0.2,2022-23
Jabari Walker,POR,56.0,9.6,0.496,17.3,0.015,-6.1,-0.6,2022-23
Jaxson Hayes,NOP,47.0,13.7,0.605,15.7,0.118,-1.2,0.1,2022-23
Frank Ntilikina,DAL,47.0,5.2,0.461,13.1,-0.01,-6.7,-0.7,2022-23
Ousmane Dieng,OKC,39.0,9.3,0.505,15.9,0.038,-3.6,-0.2,2022-23
Blake Griffin,BOS,41.0,13.1,0.59,12.7,0.153,0.1,0.3,2022-23
Kris Dunn,UTA,22.0,19.1,0.606,20.2,0.162,2.4,0.6,2022-23
Ricky Rubio,CLE,33.0,10.4,0.442,17.7,0.062,-2.8,-0.1,2022-23
Ziaire Williams,MEM,37.0,7.4,0.511,18.0,0.011,-5.6,-0.5,2022-23
DayRon Sharpe,BRK,48.0,17.8,0.581,19.0,0.139,-2.3,0.0,2022-23
Kai Jones,CHO,46.0,10.8,0.597,12.4,0.062,-4.0,-0.3,2022-23
Lindy Waters III,OKC,41.0,11.8,0.573,15.5,0.101,0.1,0.3,2022-23
Rodney McGruder,DET,32.0,10.7,0.566,14.0,0.068,-1.5,0.1,2022-23
Chuma Okeke,ORL,27.0,9.1,0.488,12.3,0.061,-1.6,0.1,2022-23
James Bouknight,CHO,34.0,6.2,0.463,19.5,-0.04,-6.5,-0.6,2022-23
Max Christie,LAL,41.0,7.4,0.566,10.4,0.058,-3.1,-0.1,2022-23
Charles Bassey,SAS,35.0,18.8,0.658,15.6,0.122,0.7,0.3,2022-23
Raul Neto,CLE,48.0,12.6,0.628,13.2,0.142,-0.2,0.2,2022-23
Javonte Green,CHI,32.0,14.5,0.646,13.6,0.142,1.4,0.4,2022-23
Isaiah Roby,SAS,42.0,9.3,0.497,17.8,-0.011,-4.6,-0.3,2022-23
Stanley Johnson,SAS,30.0,13.5,0.625,15.2,0.076,-1.0,0.1,2022-23
Willy Hernangomez,NOP,38.0,20.7,0.61,23.8,0.171,0.3,0.3,2022-23
Kevon Harris,ORL,34.0,9.2,0.564,13.7,0.065,-3.6,-0.2,2022-23
Admiral Schofield,ORL,37.0,10.1,0.587,14.1,0.089,-2.9,-0.1,2022-23
TyTy Washington Jr,HOU,31.0,7.5,0.432,17.4,-0.016,-6.3,-0.5,2022-23
Orlando Robinson,MIA,31.0,13.4,0.565,12.4,0.129,-2.1,0.0,2022-23
Johnny Davis,WAS,28.0,7.2,0.446,20.5,-0.033,-7.4,-0.6,2022-23
Jake LaRavia,MEM,35.0,6.7,0.531,11.7,0.054,-3.5,-0.2,2022-23
Dominick Barlow,SAS,28.0,12.4,0.567,11.3,0.082,-4.6,-0.3,2022-23
Cade Cunningham,DET,12.0,14.0,0.492,30.0,-0.018,-0.7,0.1,2022-23
Duane Washington Jr,PHO,31.0,9.3,0.458,32.5,-0.065,-4.6,-0.3,2022-23
Udoka Azubuike,UTA,36.0,16.1,0.774,11.5,0.134,-0.6,0.1,2022-23
Gorgui Dieng,SAS,31.0,9.9,0.493,17.9,0.001,-3.9,-0.2,2022-23
JaVale McGee,DAL,42.0,17.2,0.65,22.8,0.076,-3.7,-0.1,2022-23
Furkan Korkmaz,PHI,37.0,9.3,0.552,19.1,0.019,-4.4,-0.2,2022-23
AJ Green,MIL,35.0,11.5,0.607,16.6,0.111,-0.9,0.1,2022-23
Jae Crowder,MIL,18.0,14.6,0.624,13.2,0.165,1.2,0.3,2022-23
Derrick Rose,NYK,27.0,10.1,0.463,23.6,-0.001,-3.7,-0.1,2022-23
McKinley Wright IV,DAL,27.0,12.4,0.536,16.9,0.069,-2.7,-0.1,2022-23
Theo Pinson,DAL,40.0,10.1,0.512,14.7,0.071,-3.4,-0.1,2022-23
Robin Lopez,CLE,37.0,11.6,0.675,16.1,0.094,-3.0,-0.1,2022-23
Nathan Knight,MIN,38.0,14.5,0.655,18.7,0.116,-3.2,-0.1,2022-23
Kennedy Chandler,MEM,36.0,10.6,0.44,15.8,0.044,-2.7,0.0,2022-23
Trent Forrest,ATL,23.0,6.1,0.424,11.6,-0.011,-5.1,-0.2,2022-23
Brandon Boston Jr,LAC,22.0,13.4,0.515,26.5,0.04,-2.2,0.0,2022-23
KZ Okpala,SAC,35.0,6.2,0.554,8.4,0.057,-3.2,-0.1,2022-23
Luka Garza,MIN,28.0,23.0,0.652,26.9,0.211,-0.4,0.1,2022-23
Jamal Cain,MIA,18.0,16.5,0.647,15.1,0.169,0.8,0.2,2022-23
Johnny Juzang,UTA,18.0,6.5,0.411,19.6,-0.032,-6.5,-0.3,2022-23
David Duke Jr,BRK,23.0,8.3,0.497,20.1,-0.011,-7.3,-0.3,2022-23
Patrick Baldwin Jr,GSW,31.0,11.3,0.546,22.8,0.029,-2.1,0.0,2022-23
John Butler,POR,19.0,5.7,0.411,11.0,0.001,-6.2,-0.2,2022-23
Cody Zeller,MIA,15.0,16.4,0.659,18.1,0.147,-2.8,0.0,2022-23
Dalen Terry,CHI,38.0,14.1,0.523,18.4,0.105,0.0,0.1,2022-23
Matthew Dellavedova,SAC,32.0,6.7,0.443,12.7,0.021,-5.2,-0.2,2022-23
Thanasis Antetokounmpo,MIL,37.0,6.7,0.458,13.8,0.022,-7.6,-0.3,2022-23
Nikola Jovic,MIA,15.0,10.6,0.53,19.0,0.053,-3.4,-0.1,2022-23
Jared Rhoden,DET,14.0,6.5,0.482,10.7,0.027,-6.1,-0.2,2022-23
Moussa Diabate,LAC,22.0,14.2,0.546,14.1,0.105,-2.8,0.0,2022-23
Peyton Watson,DEN,23.0,12.8,0.553,17.7,0.073,-2.8,0.0,2022-23
Boban Marjanovic,HOU,31.0,23.4,0.71,20.8,0.158,1.6,0.2,2022-23
Noah Vonleh,BOS,23.0,5.9,0.502,9.2,0.06,-6.3,-0.2,2022-23
Vit Krejci,ATL,29.0,7.7,0.475,10.9,0.042,-3.6,-0.1,2022-23
James Johnson,IND,18.0,8.4,0.486,15.7,0.017,-4.4,-0.1,2022-23
Garrett Temple,NOP,25.0,10.5,0.535,13.4,0.094,-1.0,0.0,2022-23
Khem Birch,TOR,20.0,9.4,0.629,11.1,0.072,-3.5,-0.1,2022-23
Luka Samanic,UTA,7.0,11.0,0.55,18.9,0.045,-2.1,0.0,2022-23
Alex Len,SAC,26.0,12.8,0.58,14.1,0.085,-4.0,-0.1,2022-23
Wendell Moore Jr,MIN,29.0,9.3,0.465,14.9,0.028,-2.4,0.0,2022-23
Otto Porter Jr,TOR,8.0,14.0,0.656,11.0,0.142,0.7,0.1,2022-23
Kemba Walker,DAL,9.0,15.0,0.543,22.1,0.098,-0.3,0.1,2022-23
Jarrett Culver,ATL,10.0,9.5,0.452,17.1,0.014,-4.2,-0.1,2022-23
Quenton Jackson,WAS,9.0,12.2,0.542,17.9,0.078,-5.1,-0.1,2022-23
Cody Martin,CHO,7.0,8.7,0.448,12.9,0.045,-4.6,-0.1,2022-23
Jeenathan Williams,POR,5.0,15.5,0.657,15.2,0.12,-3.0,0.0,2022-23
Xavier Cooks,WAS,10.0,14.3,0.586,13.9,0.094,-3.6,-0.1,2022-23
Jonathan Isaac,ORL,11.0,20.3,0.483,21.1,0.13,4.0,0.2,2022-23
Jason Preston,LAC,14.0,10.3,0.489,18.3,0.021,-2.6,0.0,2022-23
Shaquille Harrison,POR,5.0,17.9,0.516,17.6,0.137,0.1,0.1,2022-23
Meyers Leonard,MIL,9.0,12.0,0.652,14.4,0.126,-5.0,-0.1,2022-23
Olivier Sarr,OKC,9.0,11.5,0.544,13.6,0.094,-4.9,-0.1,2022-23
Andre Iguodala,GSW,8.0,7.3,0.521,9.4,0.044,-2.5,0.0,2022-23
Vince Williams Jr,MEM,15.0,3.9,0.367,18.1,-0.049,-8.5,-0.2,2022-23
Josh Minott,MIN,15.0,17.9,0.582,18.9,0.146,-1.6,0.0,2022-23
Jay Huff,WAS,7.0,22.3,0.796,16.9,0.261,4.0,0.1,2022-23
Greg Brown III,POR,16.0,5.8,0.421,18.4,-0.074,-8.5,-0.2,2022-23
Joshua Primo,SAS,4.0,6.1,0.467,18.2,-0.073,-6.3,-0.1,2022-23
Buddy Boeheim,DET,10.0,0.5,0.287,13.2,-0.091,-9.5,-0.2,2022-23
Justin Minaya,POR,4.0,4.0,0.363,13.4,-0.067,-9.0,-0.2,2022-23
Lindell Wigginton,MIL,7.0,11.8,0.61,25.6,0.028,-6.7,-0.1,2022-23
Isaiah Mobley,CLE,12.0,14.1,0.521,16.4,0.135,-1.4,0.0,2022-23
Omer Yurtseven,MIA,9.0,16.7,0.675,18.0,0.159,-3.9,0.0,2022-23
Jordan Hall,SAS,9.0,5.5,0.438,19.4,-0.077,-7.6,-0.1,2022-23
PJ Dozier,SAC,16.0,5.2,0.333,20.6,-0.097,-7.8,-0.1,2022-23
Jared Butler,OKC,6.0,13.0,0.578,20.1,0.061,-2.6,0.0,2022-23
Udonis Haslem,MIA,7.0,6.2,0.433,20.1,-0.009,-12.1,-0.2,2022-23
Keon Ellis,SAC,16.0,14.0,0.629,12.1,0.162,1.3,0.1,2022-23
Trevelin Queen,IND,7.0,6.0,0.337,22.9,-0.133,-7.2,-0.1,2022-23
Leandro Bolmaro,UTA,14.0,-5.0,0.15,16.6,-0.231,-14.7,-0.2,2022-23
Tyrese Martin,ATL,16.0,7.7,0.44,16.5,-0.01,-7.4,-0.1,2022-23
Jack White,DEN,17.0,12.6,0.517,14.7,0.108,-1.9,0.0,2022-23
JD Davison,BOS,12.0,10.1,0.478,15.8,0.059,-4.2,0.0,2022-23
Isaiah Todd,WAS,6.0,-1.0,0.226,15.6,-0.147,-14.2,-0.2,2022-23
Sam Merrill,CLE,5.0,15.5,0.546,17.3,0.16,1.2,0.0,2022-23
Gabe York,IND,3.0,11.8,0.548,16.4,0.091,-3.5,0.0,2022-23
Devon Dotson,WAS,6.0,4.8,0.15,10.7,-0.025,-5.3,0.0,2022-23
Micah Potter,UTA,7.0,18.6,0.8,13.7,0.186,3.5,0.1,2022-23
Facundo Campazzo,DAL,8.0,7.8,0.36,14.7,-0.012,-1.2,0.0,2022-23
Joe Wieskamp,TOR,9.0,-0.4,0.321,12.8,-0.076,-10.6,-0.1,2022-23
Ron Harper Jr,TOR,9.0,15.7,0.608,14.6,0.158,1.2,0.0,2022-23
Michael CarterWilliams,ORL,4.0,9.0,0.498,20.6,-0.003,-6.3,0.0,2022-23
Cole Swider,LAL,7.0,7.4,0.5,9.3,0.08,-3.4,0.0,2022-23
Kendall Brown,IND,6.0,9.1,0.571,10.4,0.071,-2.9,0.0,2022-23
Jarrell Brantley,UTA,4.0,18.5,0.739,18.1,0.16,3.5,0.1,2022-23
Mfiondu Kabengele,BOS,4.0,8.1,0.381,10.8,0.067,-8.9,-0.1,2022-23
RaiQuan Gray,BRK,1.0,15.5,0.621,21.4,0.106,-2.0,0.0,2022-23
Tony Bradley,CHI,12.0,21.7,0.69,19.8,0.22,4.9,0.1,2022-23
Scotty Pippen Jr,LAL,6.0,9.6,0.439,23.7,-0.017,-5.9,0.0,2022-23
Jay Scrubb,ORL,2.0,14.2,0.825,15.6,0.083,-1.9,0.0,2022-23
Louis King,PHI,1.0,21.3,0.744,23.8,0.157,2.3,0.0,2022-23
Neemias Queta,SAC,5.0,17.0,0.607,16.1,0.149,-3.4,0.0,2022-23
Trevor Hudgins,HOU,5.0,4.2,0.436,16.8,-0.035,-8.4,0.0,2022-23
Kobi Simmons,CHO,5.0,9.0,0.363,11.8,0.019,-0.9,0.0,2022-23
Darius Days,HOU,4.0,18.3,0.582,21.4,0.156,3.5,0.0,2022-23
Sterling Brown,LAL,4.0,7.0,0.0,7.0,0.04,-3.3,0.0,2022-23
Chance Comanche,POR,1.0,12.2,0.518,14.0,0.043,-7.5,0.0,2022-23
Xavier Moon,LAC,4.0,7.2,0.389,21.8,-0.03,-5.1,0.0,2022-23
Marko Simonovic,CHI,7.0,-0.1,0.381,17.4,-0.052,-14.4,-0.1,2022-23
Lester Quinones,GSW,4.0,8.6,0.654,29.4,-0.103,-10.2,0.0,2022-23
Dereon Seabron,NOP,5.0,4.6,0.4,17.9,-0.034,-11.3,0.0,2022-23
Tyler Dorsey,DAL,3.0,45.5,0.9,28.3,0.367,17.8,0.0,2022-23
Trevor Keels,NYK,3.0,3.7,0.375,21.4,-0.062,-13.0,0.0,2022-23
Chima Moneke,SAC,2.0,-3.5,0.347,26.2,-0.288,-20.7,0.0,2022-23
Jordan Schakel,WAS,2.0,24.3,0.75,14.5,0.314,17.0,0.0,2022-23
Deonte Burton,SAC,2.0,-12.6,0.0,14.3,-0.347,-24.2,0.0,2022-23
Frank Jackson,UTA,1.0,-6.8,0.0,25.1,-0.378,-22.2,0.0,2022-23
Alondes Williams,BRK,1.0,-20.9,,17.7,-0.517,-26.5,0.0,2022-23
Donovan Williams,ATL,2.0,14.5,0.4,52.5,-0.225,-15.2,0.0,2022-23
Stanley Umude,DET,1.0,65.6,0.532,40.0,0.626,48.6,0.0,2022-23
Michael Foster Jr,PHI,1.0,0.0,,0.0,0.01,-9.2,0.0,2022-23
Miles Bridges,CHO,80.0,17.9,0.593,22.6,0.123,1.5,2.5,2021-22
DeMar DeRozan,CHI,76.0,23.1,0.59,31.8,0.154,2.5,3.1,2021-22
Jayson Tatum,BOS,76.0,21.8,0.578,32.1,0.169,5.0,4.8,2021-22
Trae Young,ATL,76.0,25.4,0.603,34.4,0.181,5.2,4.8,2021-22
Tyrese Maxey,PHI,75.0,16.2,0.594,20.2,0.132,0.6,1.8,2021-22
Scottie Barnes,TOR,74.0,16.3,0.552,19.0,0.122,0.9,1.9,2021-22
Harrison Barnes,SAC,77.0,15.7,0.623,18.8,0.112,0.2,1.4,2021-22
Julius Randle,NYK,72.0,15.7,0.509,28.7,0.059,0.5,1.6,2021-22
Tobias Harris,PHI,73.0,15.9,0.566,21.7,0.105,0.0,1.3,2021-22
Jalen Brunson,DAL,79.0,17.1,0.583,21.9,0.143,0.9,1.9,2021-22
Nikola Jokic,DEN,74.0,32.8,0.661,31.9,0.296,13.7,9.8,2021-22
KarlAnthony Towns,MIN,74.0,24.1,0.64,27.8,0.199,5.0,4.4,2021-22
Anthony Edwards,MIN,72.0,16.5,0.56,26.4,0.084,1.2,2.0,2021-22
Fred VanVleet,TOR,65.0,17.3,0.552,23.7,0.131,3.6,3.5,2021-22
Gary Trent Jr,TOR,70.0,14.7,0.546,21.8,0.11,0.2,1.3,2021-22
Darius Garland,CLE,68.0,19.0,0.576,27.8,0.125,2.6,2.8,2021-22
Franz Wagner,ORL,79.0,14.7,0.559,21.2,0.079,-0.7,0.8,2021-22
LaMelo Ball,CHO,75.0,19.7,0.554,28.2,0.116,3.4,3.3,2021-22
Nikola Vucevic,CHI,73.0,18.2,0.533,24.5,0.09,0.9,1.8,2021-22
Keldon Johnson,SAS,75.0,15.2,0.574,21.3,0.098,-0.5,0.9,2021-22
Aaron Gordon,DEN,75.0,15.3,0.602,19.7,0.105,-0.6,0.9,2021-22
Dejounte Murray,SAS,68.0,22.3,0.533,27.3,0.149,5.4,4.4,2021-22
Devin Booker,PHO,68.0,21.3,0.576,32.0,0.156,4.1,3.6,2021-22
Herbert Jones,NOP,78.0,12.3,0.573,13.7,0.096,-0.5,0.9,2021-22
Evan Mobley,CLE,69.0,16.1,0.549,20.4,0.107,0.6,1.5,2021-22
Andrew Wiggins,GSW,73.0,15.0,0.56,23.1,0.105,0.4,1.4,2021-22
Kentavious CaldwellPope,WAS,77.0,12.6,0.568,19.0,0.058,-1.5,0.3,2021-22
Zach LaVine,CHI,67.0,20.0,0.605,28.8,0.12,2.4,2.6,2021-22
Terance Mann,LAC,81.0,13.4,0.572,16.0,0.113,-0.6,0.8,2021-22
Luka Doncic,DAL,65.0,25.1,0.571,37.4,0.159,8.2,5.9,2021-22
Joel Embiid,PHI,68.0,31.2,0.616,37.2,0.252,9.2,6.5,2021-22
Marcus Smart,BOS,71.0,13.6,0.54,18.3,0.116,0.5,1.5,2021-22
Jordan Poole,GSW,76.0,16.1,0.598,26.0,0.126,1.0,1.7,2021-22
Donovan Mitchell,UTA,67.0,21.6,0.572,32.9,0.152,4.3,3.6,2021-22
Desmond Bane,MEM,76.0,17.6,0.592,23.1,0.153,2.7,2.7,2021-22
Jonas Valanciunas,NOP,74.0,21.2,0.617,23.8,0.156,1.9,2.2,2021-22
Jaylen Brown,BOS,66.0,18.9,0.574,30.5,0.124,2.1,2.2,2021-22
Stephen Curry,GSW,64.0,21.4,0.601,30.8,0.173,5.8,4.4,2021-22
Jrue Holiday,MIL,67.0,19.8,0.593,23.5,0.15,3.2,2.9,2021-22
Giannis Antetokounmpo,MIL,67.0,32.1,0.633,34.9,0.281,11.2,7.4,2021-22
Kyle Kuzma,WAS,66.0,15.2,0.547,24.2,0.044,-0.2,1.0,2021-22
Kevin Huerter,ATL,74.0,11.9,0.57,17.5,0.062,-1.2,0.4,2021-22
Tyler Herro,MIA,66.0,16.2,0.561,28.8,0.084,0.7,1.5,2021-22
Khris Middleton,MIL,66.0,18.1,0.577,26.7,0.119,1.6,1.9,2021-22
Jordan Clarkson,UTA,79.0,14.9,0.532,26.8,0.079,-0.6,0.7,2021-22
Malik Monk,LAL,76.0,14.4,0.597,20.1,0.081,-0.5,0.8,2021-22
Chris Paul,PHO,65.0,20.8,0.581,19.7,0.21,5.4,4.0,2021-22
Jalen Green,HOU,67.0,12.5,0.547,23.7,0.015,-2.9,-0.5,2021-22
Jaren Jackson Jr,MEM,78.0,17.0,0.535,25.4,0.121,-0.1,1.0,2021-22
Rudy Gobert,UTA,66.0,24.7,0.732,16.9,0.264,4.6,3.6,2021-22
Ayo Dosunmu,CHI,77.0,11.2,0.596,14.1,0.069,-2.0,0.0,2021-22
Christian Wood,HOU,68.0,19.1,0.595,23.3,0.112,1.6,1.9,2021-22
Cade Cunningham,DET,64.0,13.1,0.504,27.5,-0.011,-1.6,0.2,2021-22
LeBron James,LAL,56.0,26.2,0.619,32.3,0.172,7.7,5.1,2021-22
DeAaron Fox,SAC,59.0,17.4,0.549,29.1,0.058,-0.6,0.7,2021-22
Davion Mitchell,SAC,75.0,10.8,0.489,20.6,0.003,-3.8,-0.9,2021-22
Cole Anthony,ORL,65.0,13.5,0.519,25.1,0.038,-1.2,0.4,2021-22
JaeSean Tate,HOU,78.0,14.3,0.567,19.6,0.071,-1.8,0.1,2021-22
Duncan Robinson,MIA,79.0,10.6,0.573,17.7,0.092,-0.6,0.7,2021-22
Clint Capela,ATL,74.0,21.4,0.604,15.5,0.195,2.0,2.1,2021-22
Bobby Portis,MIL,72.0,17.7,0.571,21.3,0.131,0.2,1.1,2021-22
Al Horford,BOS,69.0,16.7,0.574,14.8,0.181,4.3,3.2,2021-22
Kelly Oubre Jr,CHO,76.0,14.9,0.56,23.0,0.079,-1.4,0.3,2021-22
Steven Adams,MEM,76.0,17.6,0.56,12.0,0.163,2.0,2.0,2021-22
Deni Avdija,WAS,82.0,11.6,0.536,16.3,0.058,-1.7,0.1,2021-22
Isaac Okoro,CLE,67.0,10.4,0.589,12.4,0.103,-1.7,0.1,2021-22
Shai GilgeousAlexander,OKC,56.0,20.9,0.557,30.8,0.113,3.4,2.7,2021-22
Devin Vassell,SAS,71.0,13.3,0.54,18.9,0.082,-0.5,0.7,2021-22
Jimmy Butler,MIA,57.0,23.6,0.592,26.5,0.228,6.3,4.0,2021-22
Kevin Porter Jr,HOU,61.0,13.5,0.531,24.1,0.021,-1.6,0.2,2021-22
Reggie Bullock,DAL,68.0,9.2,0.558,13.3,0.08,-1.4,0.3,2021-22
Ja Morant,MEM,57.0,24.4,0.575,33.7,0.171,6.1,3.9,2021-22
Jae Crowder,PHO,67.0,11.3,0.541,14.6,0.11,1.1,1.5,2021-22
Lauri Markkanen,CLE,61.0,14.7,0.582,19.5,0.127,0.4,1.1,2021-22
Brandon Ingram,NOP,55.0,18.7,0.554,29.3,0.099,2.0,1.9,2021-22
Cody Martin,CHO,71.0,12.7,0.579,12.1,0.101,-0.5,0.7,2021-22
Wendell Carter Jr,ORL,62.0,18.4,0.601,20.9,0.129,1.6,1.7,2021-22
Ivica Zubac,LAC,76.0,19.2,0.66,16.8,0.187,0.7,1.3,2021-22
Jeff Green,DEN,75.0,12.5,0.627,16.3,0.101,-2.5,-0.2,2021-22
Bogdan Bogdanovic,ATL,63.0,15.4,0.562,21.6,0.095,1.3,1.5,2021-22
Mitchell Robinson,NYK,72.0,20.7,0.722,11.4,0.221,2.2,2.0,2021-22
Bam Adebayo,MIA,56.0,21.8,0.608,25.0,0.188,3.8,2.7,2021-22
Isaiah Stewart,DET,71.0,14.0,0.55,14.6,0.091,-3.3,-0.6,2021-22
Jarrett Allen,CLE,56.0,23.0,0.698,18.1,0.224,3.9,2.7,2021-22
Grayson Allen,MIL,66.0,12.7,0.609,15.2,0.11,0.4,1.1,2021-22
Robert Williams,BOS,61.0,22.1,0.745,11.5,0.262,5.5,3.4,2021-22
Jaden McDaniels,MIN,70.0,10.3,0.553,15.3,0.065,-2.9,-0.4,2021-22
Corey Kispert,WAS,77.0,10.9,0.586,14.6,0.061,-2.3,-0.1,2021-22
Dwight Powell,DAL,82.0,18.1,0.725,14.0,0.219,0.9,1.3,2021-22
Carmelo Anthony,LAL,69.0,14.8,0.579,20.4,0.097,-0.5,0.7,2021-22
Chuma Okeke,ORL,70.0,12.0,0.501,16.4,0.06,-0.1,0.8,2021-22
Georges Niang,PHI,76.0,10.7,0.594,16.8,0.077,-1.9,0.0,2021-22
Kevon Looney,GSW,82.0,15.7,0.586,12.2,0.187,0.9,1.3,2021-22
Gary Harris,ORL,61.0,10.9,0.571,16.4,0.06,-2.4,-0.2,2021-22
Deandre Ayton,PHO,58.0,21.9,0.656,21.4,0.203,2.8,2.1,2021-22
Josh Giddey,OKC,54.0,13.3,0.478,22.2,0.01,-0.9,0.5,2021-22
Pat Connaughton,MIL,65.0,13.4,0.62,14.0,0.125,1.2,1.4,2021-22
Chris Boucher,TOR,80.0,17.9,0.57,17.8,0.169,0.1,0.9,2021-22
Anfernee Simons,POR,57.0,15.3,0.583,24.8,0.055,-0.7,0.5,2021-22
Coby White,CHI,61.0,12.6,0.564,19.8,0.067,-2.1,0.0,2021-22
Luguentz Dort,OKC,51.0,12.3,0.541,23.3,0.04,-2.3,-0.1,2021-22
John Collins,ATL,54.0,18.7,0.61,20.5,0.146,1.5,1.5,2021-22
DeAnthony Melton,MEM,73.0,15.2,0.529,21.3,0.107,1.9,1.6,2021-22
Killian Hayes,DET,66.0,9.3,0.461,15.7,0.014,-3.5,-0.6,2021-22
Lonnie Walker IV,SAS,70.0,12.3,0.512,23.6,0.037,-2.5,-0.2,2021-22
Cory Joseph,DET,65.0,11.4,0.579,14.3,0.075,-2.1,0.0,2021-22
Gabe Vincent,MIA,68.0,10.6,0.551,17.8,0.076,-1.4,0.2,2021-22
Max Strus,MIA,68.0,12.7,0.614,18.1,0.11,0.9,1.2,2021-22
Jusuf Nurkic,POR,56.0,20.0,0.586,23.6,0.11,0.3,0.9,2021-22
DeAndre Hunter,ATL,53.0,10.6,0.547,19.9,0.034,-3.9,-0.8,2021-22
Amir Coffey,LAC,69.0,13.0,0.598,15.8,0.116,-0.3,0.7,2021-22
Oshae Brissett,IND,67.0,12.9,0.53,17.3,0.069,-2.2,-0.1,2021-22
Tyus Jones,MEM,73.0,16.5,0.544,16.6,0.158,1.7,1.4,2021-22
Chris Duarte,IND,55.0,12.3,0.537,21.1,0.029,-2.3,-0.1,2021-22
Javonte Green,CHI,65.0,14.0,0.637,11.5,0.139,0.1,0.8,2021-22
Talen HortonTucker,LAL,60.0,11.0,0.503,19.2,0.033,-3.3,-0.5,2021-22
Jerami Grant,DET,47.0,16.1,0.556,25.7,0.075,1.2,1.2,2021-22
Alperen Sengun,HOU,72.0,16.0,0.552,22.0,0.068,-1.0,0.4,2021-22
Kyle Anderson,MEM,69.0,14.4,0.506,16.2,0.113,1.2,1.2,2021-22
Austin Rivers,DEN,67.0,7.2,0.546,12.6,0.037,-3.8,-0.7,2021-22
Cedi Osman,CLE,66.0,13.3,0.563,21.1,0.094,0.2,0.8,2021-22
Maxi Kleber,DAL,59.0,11.0,0.537,13.3,0.098,-0.4,0.6,2021-22
Bradley Beal,WAS,40.0,17.5,0.539,30.8,0.046,0.8,1.0,2021-22
Landry Shamet,PHO,69.0,10.2,0.55,16.8,0.085,-1.2,0.3,2021-22
Austin Reaves,LAL,61.0,11.5,0.6,12.4,0.097,-1.9,0.0,2021-22
Furkan Korkmaz,PHI,67.0,10.2,0.502,17.6,0.041,-3.1,-0.4,2021-22
Avery Bradley,LAL,62.0,7.8,0.55,12.1,0.04,-3.6,-0.6,2021-22
Anthony Davis,LAL,40.0,23.9,0.578,27.1,0.155,3.8,2.0,2021-22
Jaxson Hayes,NOP,70.0,18.5,0.68,16.4,0.174,0.2,0.8,2021-22
Otto Porter Jr,GSW,63.0,15.9,0.581,15.0,0.168,3.1,1.8,2021-22
Caleb Martin,MIA,60.0,14.8,0.611,16.3,0.139,1.1,1.1,2021-22
Raul Neto,WAS,70.0,12.4,0.538,18.4,0.053,-2.9,-0.4,2021-22
Eric Bledsoe,LAC,54.0,12.5,0.514,20.5,0.047,-0.8,0.4,2021-22
Ziaire Williams,MEM,62.0,9.7,0.559,14.9,0.08,-3.0,-0.3,2021-22
Josh Christopher,HOU,74.0,12.2,0.534,21.1,0.01,-3.5,-0.5,2021-22
Draymond Green,GSW,46.0,14.3,0.582,14.3,0.131,3.2,1.8,2021-22
Jalen Suggs,ORL,48.0,8.6,0.455,25.3,-0.06,-5.6,-1.2,2021-22
John Konchar,MEM,72.0,14.0,0.615,9.9,0.155,1.5,1.2,2021-22
Ben McLemore,POR,64.0,11.7,0.567,21.3,0.031,-3.2,-0.4,2021-22
Hamidou Diallo,DET,58.0,15.7,0.541,21.8,0.079,-0.5,0.5,2021-22
Damion Lee,GSW,63.0,10.9,0.561,15.8,0.102,-2.0,0.0,2021-22
Brandon Clarke,MEM,64.0,23.7,0.66,17.7,0.241,4.2,2.0,2021-22
Tim Hardaway Jr,DAL,42.0,12.7,0.52,22.0,0.077,-0.2,0.6,2021-22
Myles Turner,IND,42.0,17.4,0.615,17.1,0.12,1.4,1.1,2021-22
Obi Toppin,NYK,72.0,18.3,0.614,20.8,0.153,2.0,1.2,2021-22
Isaiah Hartenstein,LAC,68.0,22.0,0.664,18.4,0.215,4.5,2.0,2021-22
Naz Reid,MIN,77.0,17.2,0.588,21.4,0.125,0.0,0.6,2021-22
Lonzo Ball,CHI,35.0,14.5,0.575,17.4,0.088,2.5,1.4,2021-22
Aaron Wiggins,OKC,50.0,10.3,0.556,15.3,0.048,-4.3,-0.7,2021-22
Malcolm Brogdon,IND,36.0,18.0,0.557,24.6,0.106,2.3,1.3,2021-22
James Johnson,BRK,62.0,10.3,0.513,13.7,0.068,-2.2,-0.1,2021-22
Jonathan Kuminga,GSW,70.0,15.2,0.6,22.7,0.123,-1.5,0.1,2021-22
Facundo Campazzo,DEN,65.0,11.1,0.503,14.7,0.081,-0.8,0.4,2021-22
Taurean Prince,MIN,69.0,12.4,0.589,17.0,0.09,-0.9,0.3,2021-22
Cam Thomas,BRK,67.0,11.7,0.519,22.1,0.033,-3.4,-0.4,2021-22
CJ Elleby,POR,58.0,9.2,0.491,14.8,0.016,-5.3,-1.0,2021-22
JaVale McGee,PHO,74.0,22.6,0.651,22.8,0.201,0.8,0.8,2021-22
Frank Jackson,DET,53.0,10.6,0.53,20.9,0.031,-3.5,-0.4,2021-22
Hassan Whiteside,UTA,65.0,22.9,0.662,17.1,0.238,2.1,1.2,2021-22
Tre Jones,SAS,69.0,15.0,0.545,15.6,0.121,-0.5,0.4,2021-22
Alex Caruso,CHI,41.0,11.7,0.528,13.3,0.082,0.2,0.6,2021-22
Nemanja Bjelica,GSW,71.0,14.2,0.573,17.8,0.128,1.4,1.0,2021-22
Joe Ingles,UTA,45.0,10.0,0.551,13.2,0.094,-0.3,0.5,2021-22
Garrett Temple,NOP,59.0,8.6,0.494,13.9,0.037,-2.5,-0.1,2021-22
Stanley Johnson,LAL,48.0,10.5,0.564,12.5,0.079,-2.7,-0.2,2021-22
Nassir Little,POR,42.0,13.5,0.575,15.8,0.076,-1.4,0.2,2021-22
Jeremiah RobinsonEarl,OKC,49.0,11.7,0.526,15.4,0.065,-2.2,-0.1,2021-22
JaMychal Green,DEN,67.0,14.1,0.587,17.2,0.118,-1.8,0.0,2021-22
Paul George,LAC,31.0,18.6,0.538,33.7,0.057,3.7,1.6,2021-22
Kenrich Williams,OKC,49.0,13.3,0.532,15.6,0.081,-0.3,0.5,2021-22
Damian Lillard,POR,29.0,18.5,0.55,29.3,0.079,1.3,0.9,2021-22
LaMarcus Aldridge,BRK,47.0,19.6,0.604,22.4,0.141,0.7,0.7,2021-22
Josh Green,DAL,67.0,11.9,0.578,13.9,0.111,-1.0,0.3,2021-22
Rudy Gay,UTA,55.0,13.0,0.539,19.3,0.097,-1.0,0.3,2021-22
Wesley Matthews,MIL,49.0,6.9,0.536,10.7,0.056,-3.3,-0.3,2021-22
Payton Pritchard,BOS,71.0,15.0,0.578,18.6,0.148,1.8,1.0,2021-22
Onyeka Okongwu,ATL,48.0,19.8,0.714,14.0,0.202,0.8,0.7,2021-22
Khem Birch,TOR,55.0,13.2,0.534,11.2,0.126,-1.3,0.2,2021-22
Dean Wade,CLE,51.0,10.1,0.584,11.1,0.111,-0.6,0.4,2021-22
Nic Claxton,BRK,47.0,18.6,0.672,15.1,0.171,0.5,0.6,2021-22
Dwight Howard,LAL,60.0,18.2,0.657,14.6,0.174,-0.2,0.4,2021-22
Ricky Rubio,CLE,34.0,14.0,0.488,24.9,0.064,0.2,0.5,2021-22
Duane Washington Jr,IND,48.0,10.2,0.521,22.6,-0.002,-4.7,-0.7,2021-22
Joshua Primo,SAS,50.0,7.1,0.487,15.4,0.001,-5.0,-0.7,2021-22
Moritz Wagner,ORL,63.0,18.1,0.623,22.9,0.138,1.6,0.9,2021-22
Blake Griffin,BRK,56.0,13.7,0.518,16.9,0.106,-0.5,0.3,2021-22
Isaiah Roby,OKC,45.0,18.3,0.607,19.0,0.147,0.6,0.6,2021-22
Kemba Walker,NYK,37.0,13.9,0.537,20.8,0.093,0.4,0.6,2021-22
Klay Thompson,GSW,32.0,16.7,0.547,29.6,0.091,1.1,0.7,2021-22
Jordan McLaughlin,MIN,62.0,13.4,0.535,11.8,0.123,0.4,0.6,2021-22
Derrick Jones Jr,CHI,51.0,13.0,0.633,12.5,0.119,-0.9,0.2,2021-22
Dillon Brooks,MEM,32.0,15.5,0.515,28.8,0.087,-1.8,0.0,2021-22
Trendon Watford,POR,48.0,15.8,0.59,17.6,0.104,-1.7,0.1,2021-22
Trey Murphy III,NOP,62.0,12.5,0.558,15.7,0.104,-1.2,0.2,2021-22
Maurice Harkless,SAC,47.0,7.7,0.561,11.2,0.026,-3.3,-0.3,2021-22
Willy Hernangomez,NOP,50.0,22.2,0.582,22.5,0.18,0.2,0.5,2021-22
Jose Alvarado,NOP,54.0,16.4,0.52,18.4,0.121,1.9,0.8,2021-22
Wayne Ellington,LAL,43.0,9.9,0.593,13.8,0.062,-1.4,0.1,2021-22
Ty Jerome,OKC,48.0,11.3,0.488,20.8,0.032,-2.3,-0.1,2021-22
Lou Williams,ATL,56.0,12.1,0.5,21.7,0.034,-3.4,-0.3,2021-22
Trent Forrest,UTA,60.0,10.9,0.554,12.8,0.084,-1.0,0.2,2021-22
Brandon Boston Jr,LAC,51.0,11.2,0.481,22.4,0.026,-3.3,-0.3,2021-22
Rodney McGruder,DET,51.0,11.6,0.577,14.8,0.075,-1.4,0.1,2021-22
Eric Paschall,UTA,58.0,13.9,0.612,17.7,0.127,-0.5,0.3,2021-22
Naji Marshall,NOP,55.0,12.3,0.505,20.8,0.05,-3.2,-0.2,2021-22
Omer Yurtseven,MIA,56.0,17.4,0.546,19.9,0.145,-1.0,0.2,2021-22
Zeke Nnaji,DEN,41.0,13.5,0.629,14.9,0.123,-2.2,0.0,2021-22
Vit Krejci,OKC,30.0,8.5,0.529,12.9,0.042,-5.3,-0.6,2021-22
Frank Ntilikina,DAL,58.0,10.4,0.513,17.4,0.065,-1.9,0.0,2021-22
Timothe LuwawuCabarrot,ATL,52.0,9.3,0.556,14.3,0.061,-3.3,-0.2,2021-22
Derrick Favors,OKC,39.0,13.6,0.534,13.4,0.105,-2.1,0.0,2021-22
TJ McConnell,IND,27.0,15.1,0.525,16.2,0.098,0.9,0.5,2021-22
Brandon Williams,POR,24.0,11.0,0.476,25.9,-0.037,-5.7,-0.6,2021-22
Greg Brown III,POR,48.0,11.0,0.515,17.2,0.029,-4.7,-0.4,2021-22
Dennis Smith Jr,POR,37.0,13.2,0.474,18.2,0.031,-1.7,0.1,2021-22
Derrick Rose,NYK,26.0,16.9,0.541,22.5,0.108,2.3,0.7,2021-22
Sterling Brown,DAL,49.0,8.4,0.495,13.2,0.061,-2.9,-0.1,2021-22
Alex Len,SAC,39.0,13.1,0.577,17.1,0.07,-2.9,-0.1,2021-22
Robin Lopez,ORL,36.0,13.7,0.57,18.9,0.064,-3.8,-0.3,2021-22
David Nwaba,HOU,46.0,15.3,0.567,15.8,0.105,-0.6,0.2,2021-22
Isaiah Joe,PHI,55.0,7.7,0.519,15.5,0.035,-4.6,-0.4,2021-22
Moses Moody,GSW,52.0,10.5,0.573,15.2,0.101,-2.5,-0.1,2021-22
Andre Iguodala,GSW,31.0,12.3,0.478,11.4,0.125,2.7,0.7,2021-22
Jock Landale,SAS,54.0,16.0,0.597,18.1,0.121,-0.4,0.2,2021-22
Aaron Nesmith,BOS,52.0,7.3,0.507,17.2,0.038,-4.3,-0.3,2021-22
Keifer Sykes,IND,32.0,5.9,0.456,17.4,-0.04,-6.9,-0.7,2021-22
Jericho Sims,NYK,41.0,11.6,0.674,6.9,0.128,-1.7,0.0,2021-22
Tony Bradley,CHI,55.0,14.9,0.6,13.6,0.112,-1.8,0.0,2021-22
Elfrid Payton,PHO,50.0,7.9,0.397,18.5,-0.014,-3.5,-0.2,2021-22
Kent Bazemore,LAL,39.0,6.0,0.451,13.2,0.006,-4.3,-0.3,2021-22
Isaiah Jackson,IND,36.0,20.5,0.607,22.5,0.126,-1.6,0.0,2021-22
Terence Davis,SAC,30.0,14.6,0.543,25.6,0.044,-0.9,0.2,2021-22
Ignas Brazdeikis,ORL,42.0,10.2,0.52,17.7,0.041,-4.3,-0.3,2021-22
Josh Okogie,MIN,49.0,9.0,0.526,12.1,0.062,-2.7,-0.1,2021-22
Zach Collins,SAS,28.0,16.4,0.594,19.2,0.118,-0.2,0.2,2021-22
Brandon Goodwin,CLE,36.0,11.8,0.501,18.2,0.069,-1.6,0.1,2021-22
Thanasis Antetokounmpo,MIL,48.0,12.5,0.577,15.7,0.095,-3.5,-0.2,2021-22
Admiral Schofield,ORL,38.0,7.5,0.538,14.5,0.027,-5.4,-0.4,2021-22
Lindy Waters III,OKC,25.0,13.0,0.562,17.5,0.081,-1.6,0.1,2021-22
Anthony Gill,WAS,44.0,14.7,0.682,14.4,0.14,-1.9,0.0,2021-22
Trevor Ariza,LAL,24.0,7.0,0.449,11.0,0.02,-3.4,-0.2,2021-22
Killian Tillie,MEM,36.0,7.6,0.452,12.8,0.058,-2.7,-0.1,2021-22
Matt Thomas,CHI,40.0,9.9,0.564,14.5,0.058,-2.6,-0.1,2021-22
Trey Burke,DAL,42.0,10.0,0.475,25.6,0.003,-5.0,-0.3,2021-22
Joe Harris,BRK,14.0,9.6,0.624,14.5,0.06,-1.4,0.1,2021-22
Patrick Williams,CHI,17.0,12.7,0.637,14.2,0.099,-1.5,0.0,2021-22
Olivier Sarr,OKC,22.0,14.0,0.672,13.9,0.116,-4.0,-0.2,2021-22
Enes Freedom,BOS,35.0,15.0,0.585,13.9,0.16,-1.4,0.1,2021-22
DayRon Sharpe,BRK,32.0,20.7,0.593,21.7,0.152,-2.8,-0.1,2021-22
Luka Garza,DET,32.0,15.6,0.535,21.1,0.093,-2.5,-0.1,2021-22
Isaiah Livers,DET,19.0,11.1,0.629,12.4,0.085,-1.5,0.0,2021-22
Gary Clark,NOP,38.0,11.4,0.547,11.6,0.092,0.1,0.2,2021-22
Miles McBride,NYK,40.0,6.1,0.393,13.9,0.032,-4.5,-0.2,2021-22
Chris Chiozza,GSW,34.0,4.4,0.407,13.4,-0.004,-6.0,-0.4,2021-22
Gorgui Dieng,ATL,44.0,17.3,0.624,16.9,0.155,2.1,0.4,2021-22
Nick Richards,CHO,50.0,15.9,0.689,15.4,0.125,-2.8,-0.1,2021-22
Markelle Fultz,ORL,18.0,17.7,0.517,27.5,0.053,0.2,0.2,2021-22
Jared Butler,UTA,42.0,12.1,0.509,23.1,0.057,-1.6,0.0,2021-22
Santi Aldama,MEM,32.0,10.2,0.452,18.4,0.044,-5.7,-0.3,2021-22
Cody Zeller,POR,27.0,17.2,0.627,15.9,0.143,-2.1,0.0,2021-22
Keljin Blevins,POR,31.0,4.8,0.41,16.5,-0.066,-8.5,-0.6,2021-22
Marquese Chriss,DAL,34.0,14.8,0.518,21.5,0.108,-3.8,-0.2,2021-22
David Duke Jr,BRK,22.0,10.0,0.444,15.9,0.048,-3.9,-0.2,2021-22
PJ Dozier,DEN,18.0,8.7,0.463,15.2,0.038,-2.0,0.0,2021-22
Jarrett Culver,MEM,37.0,8.7,0.433,20.6,0.012,-5.4,-0.3,2021-22
Kris Dunn,POR,14.0,12.5,0.482,18.3,0.024,-5.4,-0.3,2021-22
Collin Sexton,CLE,11.0,11.2,0.523,27.9,-0.009,-4.1,-0.2,2021-22
James Bouknight,CHO,31.0,10.1,0.459,23.7,0.001,-7.1,-0.4,2021-22
Paul Reed,PHI,38.0,21.4,0.568,16.7,0.212,2.1,0.3,2021-22
Brook Lopez,MIL,13.0,16.0,0.57,21.9,0.108,-1.3,0.1,2021-22
Nathan Knight,MIN,37.0,18.7,0.603,20.7,0.171,-0.6,0.1,2021-22
Michael Porter Jr,DEN,9.0,7.5,0.416,19.7,-0.032,-3.5,-0.1,2021-22
JT Thor,CHO,33.0,9.7,0.525,12.0,0.058,-3.0,-0.1,2021-22
Daishen Nix,HOU,24.0,8.1,0.48,17.3,-0.033,-6.4,-0.3,2021-22
KZ Okpala,MIA,21.0,10.4,0.521,14.4,0.097,-2.8,-0.1,2021-22
Leandro Bolmaro,MIN,35.0,5.4,0.419,12.6,0.004,-5.8,-0.2,2021-22
Jaylen Hoard,OKC,7.0,18.0,0.536,18.7,0.118,-0.9,0.1,2021-22
Usman Garuba,HOU,24.0,12.9,0.51,9.4,0.105,-0.9,0.1,2021-22
Jake Layman,MIN,34.0,9.0,0.5,16.4,0.024,-3.9,-0.1,2021-22
Alfonzo McKinnie,CHI,17.0,5.6,0.457,15.3,-0.015,-9.0,-0.4,2021-22
Joe Wieskamp,SAS,29.0,7.1,0.494,13.1,0.035,-3.9,-0.1,2021-22
Ed Davis,CLE,31.0,9.3,0.632,6.0,0.126,-1.8,0.0,2021-22
Tyler Cook,CHI,20.0,13.0,0.643,13.0,0.127,-4.1,-0.1,2021-22
Lindell Wigginton,MIL,19.0,10.2,0.524,19.0,0.044,-5.0,-0.2,2021-22
Udoka Azubuike,UTA,17.0,17.6,0.743,14.7,0.157,-1.4,0.0,2021-22
Kyle Guy,MIA,19.0,9.5,0.526,19.9,0.035,-3.4,-0.1,2021-22
Markus Howard,DEN,31.0,16.1,0.567,29.4,0.082,-1.2,0.0,2021-22
Vlatko Cancar,DEN,15.0,12.7,0.657,14.0,0.114,-1.7,0.0,2021-22
Jamorko Pickett,DET,13.0,7.6,0.491,13.6,0.015,-5.0,-0.1,2021-22
Zavier Simpson,OKC,4.0,7.7,0.406,15.9,-0.018,-7.9,-0.3,2021-22
Victor Oladipo,MIA,8.0,16.8,0.608,25.1,0.124,1.3,0.1,2021-22
Hassani Gravett,ORL,8.0,10.1,0.629,12.3,0.071,-2.3,0.0,2021-22
Charles Bassey,PHI,23.0,21.5,0.66,16.1,0.22,1.7,0.2,2021-22
Kevin Pangos,CLE,24.0,6.5,0.408,14.6,0.016,-6.1,-0.2,2021-22
Haywood Highsmith,MIA,19.0,7.0,0.446,14.0,0.041,-4.6,-0.1,2021-22
Sam Hauser,BOS,26.0,14.8,0.65,14.5,0.171,2.3,0.2,2021-22
Paul Watson,OKC,9.0,5.7,0.432,11.0,0.001,-5.4,-0.1,2021-22
Cassius Stanley,DET,9.0,8.0,0.516,15.6,0.021,-5.8,-0.2,2021-22
Theo Pinson,DAL,19.0,11.9,0.553,14.7,0.122,-0.5,0.1,2021-22
Devin Cannady,ORL,5.0,8.6,0.531,15.5,0.033,-3.2,0.0,2021-22
Abdel Nader,PHO,14.0,4.9,0.431,15.0,-0.009,-4.9,-0.1,2021-22
Solomon Hill,ATL,13.0,3.3,0.2,6.6,-0.006,-4.0,-0.1,2021-22
Xavier Moon,LAC,10.0,16.2,0.545,19.0,0.121,-0.1,0.1,2021-22
Jahmius Ramsey,SAC,19.0,7.9,0.468,22.2,-0.047,-6.9,-0.2,2021-22
Boban Marjanovic,DAL,23.0,18.5,0.615,33.3,0.045,-4.4,-0.1,2021-22
Marcus Garrett,MIA,12.0,4.7,0.28,8.8,0.032,-5.4,-0.1,2021-22
Jay Scrubb,LAC,18.0,9.3,0.486,20.8,0.002,-4.8,-0.1,2021-22
Devontae Cacok,SAS,15.0,20.2,0.675,12.9,0.206,4.2,0.2,2021-22
Jalen Johnson,ATL,22.0,11.3,0.59,19.3,0.013,-4.9,-0.1,2021-22
Neemias Queta,SAC,15.0,12.7,0.495,18.4,0.051,-5.1,-0.1,2021-22
Melvin Frazier,OKC,3.0,-0.4,0.313,19.5,-0.16,-16.4,-0.4,2021-22
Freddie Gillespie,ORL,9.0,9.5,0.419,10.9,0.049,-4.6,-0.1,2021-22
Jabari Parker,BOS,12.0,14.8,0.632,19.6,0.141,0.7,0.1,2021-22
Derrick Walton,DET,3.0,5.9,0.342,15.4,-0.071,-4.3,-0.1,2021-22
Louis King,SAC,10.0,8.1,0.438,21.2,0.0,-4.6,-0.1,2021-22
Devon Dotson,CHI,11.0,9.8,0.538,16.6,0.048,-4.9,-0.1,2021-22
Udonis Haslem,MIA,13.0,8.6,0.495,20.0,0.033,-7.1,-0.1,2021-22
Wes Iwundu,ATL,3.0,7.1,0.557,11.1,0.046,-6.8,-0.1,2021-22
Bol Bol,DEN,14.0,13.5,0.565,18.0,0.065,-1.0,0.0,2021-22
Carsen Edwards,DET,4.0,5.5,0.378,19.2,-0.075,-9.3,-0.1,2021-22
Tyrone Wallace,NOP,6.0,2.5,0.383,13.9,-0.057,-8.2,-0.1,2021-22
Trevelin Queen,HOU,10.0,18.2,0.619,23.9,0.08,1.9,0.1,2021-22
Isaiah Todd,WAS,12.0,4.7,0.349,19.6,-0.104,-6.9,-0.1,2021-22
Aleem Ford,ORL,5.0,0.5,0.35,14.0,-0.103,-11.4,-0.2,2021-22
Quinndary Weatherspoon,GSW,11.0,12.0,0.647,15.7,0.148,-4.4,0.0,2021-22
Yves Pons,MEM,12.0,5.9,0.385,10.3,0.03,-6.6,-0.1,2021-22
Isaac Bonga,TOR,15.0,8.7,0.363,11.5,0.06,-0.4,0.0,2021-22
Brandon Knight,DAL,5.0,13.0,0.561,22.5,0.091,-4.6,0.0,2021-22
BJ Johnson,ORL,4.0,12.1,0.52,16.7,0.065,-4.7,0.0,2021-22
Kai Jones,CHO,21.0,9.2,0.628,15.9,0.009,-6.6,-0.1,2021-22
RJ Nembhard Jr,CLE,14.0,8.0,0.38,16.0,0.01,-6.0,-0.1,2021-22
Brodric Thomas,BOS,12.0,10.0,0.52,19.2,0.052,-2.8,0.0,2021-22
Tacko Fall,CLE,11.0,11.3,0.398,13.6,0.043,-3.4,0.0,2021-22
Sam Merrill,MEM,6.0,7.5,0.485,19.6,0.029,-5.6,-0.1,2021-22
Gabriel Deck,OKC,7.0,11.5,0.643,12.3,0.08,-2.5,0.0,2021-22
DJ Wilson,TOR,4.0,27.9,0.773,17.0,0.328,5.0,0.1,2021-22
Myles Powell,PHI,11.0,0.2,0.364,18.0,-0.109,-12.7,-0.1,2021-22
Mason Jones,LAL,4.0,17.8,0.625,19.0,0.201,-0.9,0.0,2021-22
Cameron McGriff,POR,3.0,12.5,0.47,14.0,0.097,-4.0,0.0,2021-22
Gabriel Lundberg,PHO,4.0,7.7,0.342,21.5,-0.005,-4.8,0.0,2021-22
Miye Oni,UTA,16.0,0.4,0.265,10.3,-0.032,-7.9,-0.1,2021-22
Jared Harper,NOP,5.0,36.9,0.666,29.7,0.422,17.3,0.2,2021-22
Cameron Oliver,ATL,2.0,21.4,0.705,16.6,0.219,1.7,0.0,2021-22
Robert Woodard II,SAC,12.0,2.1,0.207,18.3,-0.147,-10.4,-0.1,2021-22
Cassius Winston,WAS,7.0,6.0,0.549,18.0,0.015,-9.3,-0.1,2021-22
Sharife Cooper,ATL,13.0,-5.4,0.25,21.3,-0.297,-16.3,-0.1,2021-22
Petr Cornelie,DEN,13.0,9.6,0.418,24.0,-0.015,-8.8,-0.1,2021-22
Darren Collison,LAL,3.0,-0.2,0.286,9.3,-0.07,-10.9,-0.1,2021-22
Marko Simonovic,CHI,9.0,10.2,0.428,27.5,-0.011,-11.1,-0.1,2021-22
Micah Potter,DET,3.0,13.6,0.505,17.8,0.073,-7.1,0.0,2021-22
Cheick Diallo,DET,3.0,12.3,0.517,16.1,0.108,-7.5,0.0,2021-22
Jordan Schakel,WAS,4.0,-1.2,0.21,19.1,-0.204,-13.0,-0.1,2021-22
Daniel Oturu,TOR,3.0,13.4,0.549,13.0,0.121,-5.2,0.0,2021-22
Deividas Sirvydis,DET,3.0,0.1,0.15,15.9,-0.139,-8.7,0.0,2021-22
Shaquille Harrison,BRK,2.0,4.6,0.333,15.0,-0.067,-8.3,0.0,2021-22
Chandler Hutchison,PHO,6.0,1.0,0.694,13.5,-0.086,-8.5,0.0,2021-22
Gabe York,IND,2.0,12.7,0.435,20.8,0.059,-1.5,0.0,2021-22
Damyean Dotson,NYK,2.0,6.4,0.5,8.3,0.045,-4.9,0.0,2021-22
Joel Ayayi,WAS,7.0,3.4,0.167,13.3,-0.098,-6.0,0.0,2021-22
Jay Huff,LAL,4.0,0.6,0.0,8.6,-0.117,-7.4,0.0,2021-22
Norvel Pelle,UTA,3.0,12.2,0.6,16.0,0.038,-7.1,0.0,2021-22
Craig Sword,WAS,3.0,14.2,0.75,11.7,0.158,1.4,0.0,2021-22
Wayne Selden,NYK,3.0,4.3,0.434,13.3,0.016,-5.9,0.0,2021-22
McKinley Wright IV,MIN,5.0,9.5,0.833,8.8,0.092,-4.2,0.0,2021-22
George King,DAL,4.0,-12.3,0.085,16.3,-0.296,-20.1,-0.1,2021-22
Scotty Hopson,OKC,1.0,0.1,0.5,14.4,-0.132,-11.6,0.0,2021-22
Emanuel Terry,PHO,3.0,-0.1,0.0,23.9,-0.256,-18.3,-0.1,2021-22
Aaron Henry,PHI,6.0,-7.4,0.2,18.5,-0.306,-16.5,-0.1,2021-22
Trayvon Palmer,DET,1.0,-5.7,0.0,5.0,-0.133,-15.0,-0.1,2021-22
Sekou Doumbouya,LAL,2.0,40.7,0.717,31.6,0.3,18.8,0.1,2021-22
Dakota Mathias,MEM,6.0,11.0,0.5,15.4,0.114,0.3,0.0,2021-22
Jaylen Morris,SAS,3.0,-11.4,0.129,23.1,-0.376,-21.5,-0.1,2021-22
Jemerrio Jones,LAL,2.0,14.8,0.667,8.6,0.17,-1.0,0.0,2021-22
Cat Barber,ATL,3.0,-11.2,0.0,22.7,-0.45,-23.5,-0.1,2021-22
Jarron Cumberland,POR,3.0,8.4,0.5,7.2,0.079,-6.6,0.0,2021-22
Tre Scott,CLE,2.0,20.4,0.5,24.1,0.138,-3.0,0.0,2021-22
Rob Edwards,OKC,2.0,-0.8,0.375,19.6,-0.181,-11.2,0.0,2021-22
Emmanuel Mudiay,SAC,2.0,12.3,0.399,18.6,0.023,-1.2,0.0,2021-22
JaQuori McLaughlin,DAL,4.0,-2.9,0.0,8.2,-0.101,-13.6,0.0,2021-22
Shaq Buchanan,MEM,2.0,0.6,0.25,24.6,-0.23,-10.7,0.0,2021-22
DaQuan Jeffries,MEM,3.0,8.4,0.5,9.1,0.099,-4.9,0.0,2021-22
Malik Newman,CLE,1.0,28.6,0.68,38.1,0.179,6.4,0.0,2021-22
Feron Hunt,NYK,2.0,-3.0,0.0,16.4,-0.234,-11.3,0.0,2021-22
Anthony Lamb,SAS,2.0,-0.5,0.0,10.6,-0.138,-8.0,0.0,2021-22
Jon Teske,MEM,3.0,1.5,0.0,9.6,-0.08,-4.8,0.0,2021-22
MJ Walker,PHO,2.0,-3.3,0.0,21.5,-0.276,-9.6,0.0,2021-22
Paris Bass,PHO,2.0,13.9,0.436,54.6,-0.17,-12.4,0.0,2021-22
Scottie Lewis,CHO,2.0,14.6,0.568,5.3,0.164,6.0,0.0,2021-22
Jaysean Paige,DET,1.0,-22.2,0.0,24.5,-0.574,-31.5,0.0,2021-22
Zylan Cheatham,UTA,1.0,-23.8,0.0,26.1,-0.61,-30.6,0.0,2021-22
Arnoldas Kulboka,CHO,2.0,-10.7,0.0,8.5,-0.217,-21.8,0.0,2021-22
Tyrell Terry,MEM,2.0,20.0,1.0,13.7,0.222,-1.0,0.0,2021-22
Javin DeLaurier,MIL,1.0,15.6,,0.0,0.26,7.0,0.0,2021-22
Jaime Echenique,WAS,1.0,0.0,,0.0,-0.012,-8.5,0.0,2021-22
Joe Johnson,BOS,1.0,38.7,1.0,22.0,0.335,15.0,0.0,2021-22
Jordan Bell,CHI,1.0,29.9,,0.0,0.6,2.7,0.0,2021-22
Tyler Hall,NYK,1.0,0.0,,0.0,0.007,-8.5,0.0,2021-22
Nate Hinton,IND,2.0,-45.2,0.0,42.8,-1.231,-42.6,0.0,2021-22
David Johnson,TOR,2.0,-20.0,0.0,21.4,-0.495,-27.7,0.0,2021-22
CJ Miles,BOS,1.0,-7.8,,0.0,0.03,-16.3,0.0,2021-22
Matt Mooney,NYK,1.0,-20.0,0.0,43.8,-0.915,-22.3,0.0,2021-22
Ahmad Caver,IND,1.0,76.2,1.0,42.8,1.204,36.9,0.0,2021-22
Sam Dekker,TOR,1.0,0.0,,0.0,0.003,-9.6,0.0,2021-22
DeJon Jarreau,IND,1.0,0.0,,0.0,-0.022,-8.0,0.0,2021-22
Ade Murkey,SAC,1.0,0.0,,0.0,-0.017,-9.7,0.0,2021-22
Pascal Siakam,multiple,80.0,19.7,0.601,25.3,0.124,1.9,2.7,2023-24
Dennis Schroder,multiple,80.0,13.3,0.55,20.3,0.063,-1.8,0.1,2023-24
PJ Washington,multiple,73.0,12.2,0.537,19.1,0.04,-2.1,-0.1,2023-24
Buddy Hield,multiple,84.0,13.3,0.578,19.2,0.077,0.4,1.3,2023-24
Spencer Dinwiddie,multiple,76.0,11.7,0.543,16.6,0.081,-1.9,0.1,2023-24
Grant Williams,multiple,76.0,10.6,0.588,15.9,0.059,-2.6,-0.3,2023-24
Terry Rozier,multiple,61.0,17.3,0.555,25.9,0.091,1.5,1.8,2023-24
Immanuel Quickley,multiple,68.0,16.7,0.577,23.8,0.115,1.3,1.7,2023-24
Royce ONeale,multiple,79.0,11.1,0.548,13.9,0.085,0.0,1.0,2023-24
Bruce Brown,multiple,67.0,11.6,0.563,16.5,0.058,-3.3,-0.6,2023-24
RJ Barrett,multiple,58.0,16.4,0.58,26.5,0.075,-0.8,0.6,2023-24
Daniel Gafford,multiple,74.0,21.7,0.731,14.7,0.205,2.6,2.1,2023-24
Kelly Olynyk,multiple,78.0,17.4,0.661,17.5,0.133,1.8,1.7,2023-24
OG Anunoby,multiple,50.0,12.8,0.595,17.6,0.073,-0.6,0.6,2023-24
Kyle Lowry,multiple,60.0,10.9,0.594,12.9,0.1,-1.0,0.4,2023-24
Simone Fontecchio,multiple,66.0,12.1,0.6,16.5,0.061,-1.0,0.4,2023-24
Ochai Agbaji,multiple,78.0,7.7,0.497,13.4,0.002,-4.4,-1.0,2023-24
Precious Achiuwa,multiple,74.0,14.6,0.545,15.9,0.102,-1.4,0.2,2023-24
Nicolas Batum,multiple,60.0,10.2,0.603,8.6,0.103,-0.4,0.6,2023-24
Bojan Bogdanovic,multiple,57.0,12.6,0.581,24.6,0.034,-3.2,-0.4,2023-24
Patrick Beverley,multiple,73.0,11.6,0.539,14.3,0.09,-1.1,0.3,2023-24
Cameron Payne,multiple,78.0,12.8,0.566,19.1,0.089,-1.1,0.3,2023-24
Gordon Hayward,multiple,51.0,12.8,0.548,18.4,0.058,-2.1,0.0,2023-24
Alec Burks,multiple,66.0,12.9,0.536,24.4,0.054,-2.3,-0.1,2023-24
David Roddy,multiple,65.0,8.7,0.484,18.1,0.004,-5.0,-0.9,2023-24
Vasilije Micic,multiple,60.0,10.7,0.524,18.8,0.015,-4.6,-0.8,2023-24
Jordan Goodwin,multiple,57.0,12.6,0.451,19.0,0.054,-1.0,0.3,2023-24
Marvin Bagley III,multiple,50.0,19.4,0.629,21.0,0.122,-0.4,0.4,2023-24
Dalano Banton,multiple,54.0,13.3,0.504,25.7,0.024,-1.3,0.2,2023-24
Quentin Grimes,multiple,51.0,8.9,0.516,15.8,0.06,-2.2,-0.1,2023-24
Daniel Theis,multiple,60.0,14.4,0.597,15.4,0.119,-1.6,0.1,2023-24
Tre Mann,multiple,41.0,13.7,0.559,18.2,0.058,-1.3,0.2,2023-24
Xavier Tillman Sr,multiple,54.0,12.2,0.472,14.8,0.071,-1.2,0.2,2023-24
Doug McDermott,multiple,64.0,9.1,0.6,14.9,0.046,-3.4,-0.3,2023-24
Malachi Flynn,multiple,69.0,11.9,0.533,20.4,0.029,-2.2,0.0,2023-24
Chimezie Metu,multiple,51.0,13.3,0.61,16.2,0.085,-1.3,0.2,2023-24
Troy Brown Jr,multiple,59.0,8.8,0.51,14.3,0.048,-2.6,-0.1,2023-24
Marcus Morris,multiple,49.0,9.9,0.558,16.6,0.06,-3.8,-0.4,2023-24
Bismack Biyombo,multiple,40.0,9.9,0.562,10.7,0.066,-3.4,-0.3,2023-24
KJ Martin,multiple,60.0,9.9,0.563,13.4,0.071,-4.1,-0.4,2023-24
Delon Wright,multiple,47.0,13.6,0.505,12.8,0.109,0.4,0.5,2023-24
Jordan Nwora,multiple,52.0,13.7,0.565,22.4,0.034,-2.5,-0.1,2023-24
Jacob Gilyard,multiple,41.0,11.1,0.573,11.1,0.095,-1.4,0.1,2023-24
Davis Bertans,multiple,43.0,11.6,0.583,17.4,0.061,-1.4,0.1,2023-24
Keita BatesDiop,multiple,53.0,11.5,0.534,13.0,0.091,-1.0,0.2,2023-24
Danilo Gallinari,multiple,49.0,13.4,0.601,17.2,0.098,-1.9,0.0,2023-24
Seth Curry,multiple,44.0,9.9,0.519,16.8,0.04,-3.3,-0.2,2023-24
Mike Muscala,multiple,53.0,7.5,0.47,13.4,0.009,-5.3,-0.5,2023-24
Shake Milton,multiple,48.0,9.2,0.499,18.7,0.048,-3.7,-0.3,2023-24
Evan Fournier,multiple,32.0,8.5,0.464,19.0,-0.005,-4.3,-0.3,2023-24
Trey Jemison,multiple,25.0,11.8,0.582,13.5,0.073,-5.1,-0.5,2023-24
Lamar Stevens,multiple,38.0,14.6,0.516,22.2,0.068,-2.2,0.0,2023-24
Richaun Holmes,multiple,40.0,14.5,0.593,14.7,0.114,-3.3,-0.2,2023-24
Jaden Springer,multiple,49.0,10.7,0.49,17.1,0.052,-3.4,-0.2,2023-24
Robert Covington,multiple,29.0,13.6,0.58,10.7,0.145,2.2,0.5,2023-24
PJ Tucker,multiple,31.0,5.9,0.507,5.3,0.068,-3.6,-0.2,2023-24
Monte Morris,multiple,33.0,13.2,0.508,15.5,0.123,0.7,0.3,2023-24
Yuta Watanabe,multiple,34.0,4.7,0.474,13.3,-0.009,-6.4,-0.5,2023-24
Thaddeus Young,multiple,33.0,15.9,0.598,12.6,0.138,0.3,0.2,2023-24
Skylar Mays,multiple,38.0,12.0,0.466,18.4,0.044,-2.0,0.0,2023-24
Patty Mills,multiple,32.0,7.2,0.467,15.9,0.009,-4.6,-0.3,2023-24
Aleksej Pokusevski,multiple,28.0,12.7,0.525,17.2,0.05,-1.9,0.0,2023-24
Tosan Evbuomwan,multiple,17.0,9.9,0.616,10.6,0.071,-3.0,-0.1,2023-24
Kira Lewis Jr,multiple,28.0,8.6,0.441,18.5,-0.005,-5.8,-0.3,2023-24
Jaylen Nowell,multiple,13.0,9.2,0.494,17.8,0.016,-5.4,-0.2,2023-24
Theo Maledon,multiple,17.0,3.2,0.385,19.6,-0.122,-10.3,-0.5,2023-24
Taj Gibson,multiple,20.0,5.9,0.449,9.0,0.044,-5.3,-0.2,2023-24
Kenneth Lofton Jr,multiple,21.0,14.7,0.537,22.1,0.068,-0.3,0.1,2023-24
Darius Bazley,multiple,9.0,13.9,0.68,11.9,0.084,-0.4,0.1,2023-24
Marques Bolden,multiple,11.0,16.0,0.691,10.9,0.134,-2.7,0.0,2023-24
Dylan Windler,multiple,17.0,14.2,0.717,12.5,0.14,0.7,0.1,2023-24
Harry Giles,multiple,23.0,14.8,0.503,26.7,0.027,-4.8,-0.1,2023-24
Jamaree Bouyea,multiple,9.0,1.5,0.375,16.5,-0.129,-12.3,-0.2,2023-24
Ryan Rollins,multiple,13.0,22.0,0.638,23.0,0.155,5.7,0.2,2023-24
Ish Wainright,multiple,11.0,8.9,0.462,18.5,0.029,-2.4,0.0,2023-24
Alex Fudge,multiple,6.0,9.8,0.472,19.2,-0.007,-5.2,0.0,2023-24
Mamadi Diakite,multiple,6.0,18.6,0.694,17.0,0.168,3.5,0.0,2023-24
Filip Petrusev,multiple,3.0,5.1,0.521,12.3,0.029,-8.0,0.0,2023-24
Mikal Bridges,multiple,83.0,16.8,0.587,22.6,0.121,1.7,2.8,2022-23
Spencer Dinwiddie,multiple,79.0,16.0,0.573,22.1,0.111,0.7,1.8,2022-23
Josh Hart,multiple,76.0,14.1,0.622,12.6,0.118,0.9,1.8,2022-23
DAngelo Russell,multiple,71.0,16.3,0.605,22.7,0.106,1.5,2.0,2022-23
Kyrie Irving,multiple,60.0,22.4,0.613,28.9,0.159,4.1,3.5,2022-23
Saddiq Bey,multiple,77.0,14.6,0.564,20.2,0.087,-0.3,0.9,2022-23
Russell Westbrook,multiple,73.0,16.1,0.513,27.7,0.044,0.2,1.2,2022-23
Malik Beasley,multiple,81.0,10.9,0.531,21.1,0.032,-2.0,0.0,2022-23
Mason Plumlee,multiple,79.0,19.6,0.689,15.2,0.185,2.2,2.2,2022-23
Mike Conley,multiple,67.0,14.7,0.583,16.3,0.13,0.9,1.5,2022-23
Dorian FinneySmith,multiple,66.0,9.2,0.523,13.2,0.051,-2.0,0.0,2022-23
Eric Gordon,multiple,69.0,11.8,0.587,17.8,0.056,-1.9,0.1,2022-23
Jalen McDaniels,multiple,80.0,11.8,0.557,17.2,0.068,-2.1,-0.1,2022-23
Jakob Poeltl,multiple,72.0,21.0,0.635,18.2,0.15,1.9,1.9,2022-23
Jarred Vanderbilt,multiple,78.0,15.1,0.604,13.6,0.132,1.1,1.5,2022-23
Patrick Beverley,multiple,67.0,8.9,0.534,10.6,0.079,-1.2,0.3,2022-23
Kevin Durant,multiple,47.0,25.9,0.677,30.7,0.194,7.1,3.9,2022-23
Reggie Jackson,multiple,68.0,10.0,0.514,20.8,0.018,-3.9,-0.8,2022-23
Josh Richardson,multiple,65.0,12.3,0.555,18.4,0.055,-1.2,0.3,2022-23
Rui Hachimura,multiple,63.0,13.2,0.556,20.2,0.06,-2.2,-0.1,2022-23
Devonte Graham,multiple,73.0,12.5,0.552,17.1,0.091,-0.1,0.6,2022-23
Terrence Ross,multiple,63.0,10.2,0.544,16.8,0.059,-2.1,0.0,2022-23
Luke Kennard,multiple,59.0,13.0,0.684,14.5,0.124,0.5,0.8,2022-23
Kevin Love,multiple,62.0,13.1,0.548,19.2,0.099,0.6,0.8,2022-23
Matisse Thybulle,multiple,71.0,10.5,0.552,10.6,0.086,-0.5,0.4,2022-23
Cameron Johnson,multiple,42.0,17.1,0.617,20.6,0.142,2.6,1.4,2022-23
Jordan Nwora,multiple,62.0,12.2,0.561,19.4,0.06,-2.1,0.0,2022-23
Bones Hyland,multiple,56.0,14.9,0.535,28.0,0.062,-0.8,0.3,2022-23
Thomas Bryant,multiple,59.0,19.7,0.682,18.2,0.183,0.6,0.7,2022-23
Will Barton,multiple,56.0,10.0,0.493,18.9,0.021,-2.6,-0.2,2022-23
Cam Reddish,multiple,40.0,10.6,0.561,17.1,0.046,-3.4,-0.4,2022-23
Kendrick Nunn,multiple,70.0,11.1,0.53,23.7,0.008,-3.5,-0.4,2022-23
Kevin Knox,multiple,63.0,11.1,0.579,18.4,0.034,-3.5,-0.4,2022-23
Mike Muscala,multiple,63.0,13.0,0.608,15.1,0.128,-0.4,0.4,2022-23
Nickeil AlexanderWalker,multiple,59.0,11.6,0.565,17.9,0.062,-0.9,0.2,2022-23
Goran Dragic,multiple,58.0,10.3,0.514,21.1,0.025,-3.9,-0.4,2022-23
James Wiseman,multiple,45.0,15.6,0.589,21.2,0.077,-3.5,-0.3,2022-23
George Hill,multiple,46.0,10.6,0.61,11.3,0.107,-1.5,0.1,2022-23
Dario Saric,multiple,57.0,13.5,0.583,19.2,0.099,-1.4,0.1,2022-23
Mo Bamba,multiple,49.0,15.7,0.602,16.6,0.139,0.5,0.5,2022-23
RJ Hampton,multiple,47.0,10.8,0.558,17.8,0.042,-2.9,-0.2,2022-23
Justin Holiday,multiple,46.0,6.6,0.494,14.1,0.008,-3.9,-0.3,2022-23
Juan ToscanoAnderson,multiple,52.0,7.2,0.505,11.3,0.038,-3.8,-0.3,2022-23
TJ Warren,multiple,42.0,13.5,0.55,19.5,0.081,-2.0,0.0,2022-23
Garrison Mathews,multiple,54.0,9.7,0.573,14.7,0.067,-2.4,-0.1,2022-23
Sandro Mamukelashvili,multiple,43.0,13.4,0.516,18.2,0.063,-2.4,-0.1,2022-23
Eugene Omoruyi,multiple,40.0,10.9,0.533,19.3,0.042,-4.4,-0.4,2022-23
Darius Bazley,multiple,43.0,13.1,0.524,16.4,0.078,-1.0,0.2,2022-23
Damian Jones,multiple,41.0,12.9,0.719,10.7,0.119,-1.7,0.0,2022-23
Svi Mykhailiuk,multiple,32.0,14.0,0.584,19.3,0.081,-0.1,0.2,2022-23
Goga Bitadze,multiple,38.0,17.1,0.582,15.4,0.141,0.3,0.3,2022-23
Dewayne Dedmon,multiple,38.0,15.5,0.577,20.6,0.115,-1.6,0.0,2022-23
Bruno Fernando,multiple,39.0,16.6,0.571,16.3,0.109,-2.0,0.0,2022-23
Kessler Edwards,multiple,36.0,8.4,0.502,12.7,0.048,-3.9,-0.2,2022-23
Saben Lee,multiple,25.0,13.1,0.517,19.5,0.088,-1.8,0.0,2022-23
Gary Payton II,multiple,22.0,13.3,0.701,10.3,0.125,0.3,0.2,2022-23
Markieff Morris,multiple,35.0,10.4,0.553,17.2,0.059,-2.7,-0.1,2022-23
Davon Reed,multiple,43.0,6.2,0.471,14.5,0.008,-5.3,-0.3,2022-23
Julian Champagnie,multiple,17.0,13.4,0.6,19.2,0.061,-3.3,-0.1,2022-23
Matt Ryan,multiple,34.0,8.1,0.538,16.5,0.044,-3.4,-0.1,2022-23
Moses Brown,multiple,36.0,22.2,0.607,21.2,0.179,-0.6,0.1,2022-23
Terry Taylor,multiple,31.0,11.0,0.557,14.2,0.054,-4.1,-0.1,2022-23
Frank Kaminsky,multiple,36.0,15.3,0.635,14.1,0.141,2.8,0.3,2022-23
Nerlens Noel,multiple,17.0,7.9,0.424,12.0,0.007,-3.8,-0.1,2022-23
Ryan Arcidiacono,multiple,20.0,2.7,0.351,11.1,-0.043,-8.8,-0.3,2022-23
Dru Smith,multiple,15.0,11.4,0.475,13.8,0.099,-0.9,0.0,2022-23
Danny Green,multiple,11.0,10.8,0.617,18.9,0.059,-1.9,0.0,2022-23
AJ Lawson,multiple,15.0,13.9,0.589,21.1,0.063,-4.4,-0.1,2022-23
Jamaree Bouyea,multiple,5.0,6.5,0.504,11.8,0.013,-4.2,0.0,2022-23
Justin Champagnie,multiple,5.0,10.3,0.367,19.2,0.009,-7.9,-0.1,2022-23
Tyrese Haliburton,multiple,77.0,18.2,0.595,19.0,0.125,2.6,3.1,2021-22
Buddy Hield,multiple,81.0,12.9,0.548,22.4,0.036,-1.2,0.5,2021-22
James Harden,multiple,65.0,20.9,0.583,27.2,0.152,4.0,3.7,2021-22
Derrick White,multiple,75.0,14.8,0.549,19.9,0.111,0.9,1.6,2021-22
CJ McCollum,multiple,62.0,18.3,0.553,27.5,0.081,1.9,2.1,2021-22
Domantas Sabonis,multiple,62.0,21.9,0.637,22.3,0.159,4.1,3.2,2021-22
Seth Curry,multiple,64.0,13.7,0.615,18.5,0.095,-0.6,0.8,2021-22
Justin Holiday,multiple,74.0,9.5,0.543,15.8,0.033,-2.2,-0.1,2021-22
Spencer Dinwiddie,multiple,67.0,15.1,0.543,21.4,0.098,0.3,1.1,2021-22
Robert Covington,multiple,71.0,12.4,0.572,13.5,0.08,0.2,1.1,2021-22
Dennis Schroder,multiple,64.0,13.0,0.539,22.6,0.076,-1.9,0.0,2021-22
Josh Hart,multiple,54.0,16.1,0.61,18.6,0.117,0.9,1.3,2021-22
Caris LeVert,multiple,58.0,15.1,0.525,25.4,0.059,-1.2,0.4,2021-22
Montrezl Harrell,multiple,71.0,23.2,0.68,20.2,0.213,3.9,2.4,2021-22
Josh Richardson,multiple,65.0,12.8,0.573,17.6,0.106,0.1,0.9,2021-22
Torrey Craig,multiple,78.0,11.0,0.556,14.3,0.07,-1.8,0.1,2021-22
Trey Lyles,multiple,75.0,16.4,0.588,20.7,0.111,-0.3,0.7,2021-22
Kristaps Porzingis,multiple,51.0,23.7,0.577,29.5,0.18,3.9,2.2,2021-22
Nickeil AlexanderWalker,multiple,65.0,10.5,0.475,24.1,0.003,-2.9,-0.3,2021-22
Norman Powell,multiple,45.0,16.3,0.603,23.1,0.093,-0.3,0.6,2021-22
Andre Drummond,multiple,73.0,21.0,0.574,19.0,0.17,1.3,1.2,2021-22
Bryn Forbes,multiple,75.0,11.5,0.574,21.2,0.054,-2.9,-0.3,2021-22
Drew Eubanks,multiple,71.0,18.0,0.638,17.5,0.13,-1.4,0.2,2021-22
Marvin Bagley III,multiple,48.0,15.7,0.551,19.8,0.084,-2.3,-0.1,2021-22
Ish Smith,multiple,65.0,12.5,0.465,20.1,0.023,-2.9,-0.2,2021-22
Larry Nance Jr,multiple,46.0,14.4,0.59,12.8,0.104,-0.1,0.5,2021-22
DeAndre Bembry,multiple,56.0,11.9,0.601,11.2,0.104,-0.7,0.3,2021-22
Aaron Holiday,multiple,63.0,12.6,0.544,18.7,0.068,-1.7,0.1,2021-22
Cam Reddish,multiple,49.0,12.8,0.543,22.2,0.046,-1.3,0.2,2021-22
Donte DiVincenzo,multiple,42.0,11.3,0.51,18.9,0.035,-2.3,-0.1,2021-22
Daniel Theis,multiple,47.0,13.2,0.595,16.2,0.093,-2.1,0.0,2021-22
Jeremy Lamb,multiple,56.0,13.3,0.521,19.7,0.063,-0.8,0.3,2021-22
Jalen Smith,multiple,51.0,18.4,0.595,20.3,0.145,-0.5,0.3,2021-22
Tomas Satoransky,multiple,55.0,10.2,0.461,12.6,0.056,-3.7,-0.4,2021-22
Jevon Carter,multiple,66.0,9.6,0.531,14.0,0.062,-2.2,-0.1,2021-22
Tristan Thompson,multiple,57.0,14.9,0.541,17.5,0.087,-3.1,-0.3,2021-22
DJ Augustin,multiple,55.0,9.7,0.61,14.3,0.043,-3.6,-0.4,2021-22
Serge Ibaka,multiple,54.0,14.4,0.579,17.8,0.108,-1.5,0.1,2021-22
Thaddeus Young,multiple,52.0,17.0,0.548,17.4,0.126,2.2,0.9,2021-22
Armoni Brooks,multiple,54.0,8.4,0.483,16.4,0.014,-3.9,-0.4,2021-22
Josh Jackson,multiple,51.0,9.5,0.491,19.7,0.001,-4.5,-0.5,2021-22
Tony Snell,multiple,53.0,6.3,0.541,10.1,0.023,-4.2,-0.5,2021-22
Lance Stephenson,multiple,46.0,13.6,0.536,22.6,0.048,-3.2,-0.2,2021-22
Davis Bertans,multiple,56.0,9.4,0.531,17.3,0.053,-2.6,-0.1,2021-22
Justise Winslow,multiple,48.0,13.1,0.479,18.9,0.048,-1.7,0.1,2021-22
Romeo Langford,multiple,48.0,9.2,0.52,12.9,0.082,-1.4,0.1,2021-22
Danuel House Jr,multiple,42.0,10.6,0.555,15.2,0.068,-1.1,0.2,2021-22
DeMarcus Cousins,multiple,48.0,18.2,0.567,28.1,0.104,-1.6,0.1,2021-22
Rodney Hood,multiple,52.0,7.2,0.493,10.7,0.048,-3.3,-0.2,2021-22
Rajon Rondo,multiple,39.0,10.9,0.496,16.0,0.048,-1.7,0.1,2021-22
Keon Johnson,multiple,37.0,8.7,0.453,21.2,-0.031,-5.9,-0.7,2021-22
DeAndre Jordan,multiple,48.0,17.2,0.641,13.9,0.145,-1.4,0.1,2021-22
Goran Dragic,multiple,21.0,10.0,0.474,17.2,0.034,-3.3,-0.2,2021-22
Kelan Martin,multiple,30.0,9.4,0.484,18.1,0.005,-3.6,-0.2,2021-22
Juancho Hernangomez,multiple,40.0,11.5,0.542,13.4,0.095,-0.6,0.2,2021-22
Elijah Hughes,multiple,36.0,5.4,0.426,16.5,-0.043,-6.9,-0.5,2021-22
Semi Ojeleye,multiple,30.0,6.7,0.438,12.8,0.029,-5.7,-0.4,2021-22
Paul Millsap,multiple,33.0,10.8,0.458,16.7,0.061,-3.5,-0.1,2021-22
Wenyen Gabriel,multiple,26.0,12.5,0.549,17.4,0.09,-5.9,-0.4,2021-22
Moses Brown,multiple,40.0,18.5,0.612,20.7,0.16,-3.3,-0.1,2021-22
Isaiah Thomas,multiple,22.0,12.0,0.516,24.8,0.026,-4.5,-0.2,2021-22
Brad Wanamaker,multiple,23.0,7.5,0.472,14.9,0.004,-5.8,-0.3,2021-22
Justin Anderson,multiple,16.0,10.4,0.493,15.1,0.054,-3.2,-0.1,2021-22
Justin Robinson,multiple,25.0,3.6,0.404,16.0,-0.055,-7.6,-0.4,2021-22
Mychal Mulder,multiple,17.0,3.7,0.438,15.8,-0.05,-7.7,-0.3,2021-22
Denzel Valentine,multiple,24.0,8.1,0.523,15.5,0.039,-2.7,0.0,2021-22
Kevin Knox,multiple,30.0,10.9,0.491,20.0,0.047,-4.1,-0.1,2021-22
Georgios Kalaitzakis,multiple,13.0,8.6,0.536,20.2,-0.024,-7.0,-0.3,2021-22
Malcolm Hill,multiple,19.0,12.7,0.619,12.7,0.126,-1.6,0.0,2021-22
Tim Frazier,multiple,12.0,3.3,0.398,13.3,-0.046,-8.6,-0.3,2021-22
Javonte Smart,multiple,17.0,5.1,0.407,15.9,-0.038,-6.6,-0.2,2021-22
Braxton Key,multiple,11.0,13.7,0.508,19.4,0.052,-3.3,-0.1,2021-22
Greg Monroe,multiple,14.0,19.5,0.566,17.3,0.169,0.4,0.1,2021-22
Reggie Perry,multiple,10.0,15.6,0.537,22.4,0.058,-4.1,-0.1,2021-22
Willie CauleyStein,multiple,20.0,8.3,0.474,10.6,0.066,-3.0,0.0,2021-22
Charlie Brown Jr,multiple,22.0,6.5,0.346,12.3,0.012,-4.8,-0.1,2021-22
Alize Johnson,multiple,23.0,10.7,0.463,14.8,0.041,-5.5,-0.1,2021-22
Bruno Fernando,multiple,30.0,21.2,0.671,22.4,0.14,-0.1,0.1,2021-22
Didi Louzada,multiple,9.0,6.4,0.517,13.0,-0.005,-7.5,-0.2,2021-22
Jeff Dowtin,multiple,9.0,6.8,0.353,12.8,-0.01,-5.6,-0.1,2021-22
Langston Galloway,multiple,7.0,0.7,0.269,12.8,-0.1,-9.8,-0.2,2021-22
Chaundee Brown Jr,multiple,5.0,6.4,0.447,14.9,0.002,-6.6,-0.1,2021-22
Luke Kornet,multiple,15.0,16.6,0.506,12.7,0.194,-0.5,0.0,2021-22
Chris Silva,multiple,10.0,11.6,0.641,13.8,0.137,-4.9,-0.1,2021-22
Tyler Johnson,multiple,6.0,7.1,0.425,10.5,0.033,-3.0,0.0,2021-22
Rayjon Tucker,multiple,5.0,17.7,0.869,7.9,0.243,3.5,0.1,2021-22
Malik Fitts,multiple,15.0,10.7,0.553,14.6,0.097,-1.1,0.0,2021-22
James Ennis III,multiple,7.0,17.7,0.553,22.0,0.114,-1.1,0.0,2021-22
Tremont Waters,multiple,3.0,5.4,0.357,15.5,-0.042,-7.7,-0.1,2021-22
Vernon Carey Jr,multiple,7.0,15.8,0.534,21.6,0.068,-7.5,-0.1,2021-22
Nik Stauskas,multiple,8.0,10.5,0.541,20.0,0.078,-3.6,0.0,2021-22
Xavier Sneed,multiple,9.0,0.4,0.25,11.0,-0.056,-10.6,-0.1,2021-22
Justin Jackson,multiple,7.0,7.7,0.472,19.7,0.032,-3.3,0.0,2021-22
Juwan Morgan,multiple,2.0,8.3,0.833,4.1,0.124,-7.1,0.0,2021-22
Mac McClung,multiple,2.0,5.2,0.621,16.3,-0.043,-9.6,0.0,2021-22
Carlik Jones,multiple,5.0,-1.8,0.202,25.1,-0.285,-15.5,-0.1,2021-22
Moses Wright,multiple,4.0,18.3,0.47,17.1,0.18,1.4,0.0,2021-22
